#,target,auid,jd,mag,uncertainty,fainterthan,band,type,observer,airmass,transformed
1,DEL CEP,000-BCQ-471,2460576.2788,4.157,0.011,False,Johnson V,DSLR,VOL,1.10,True
2,DEL CEP,000-BCQ-471,2460580.2602,3.943,0.012,False,Johnson V,DSLR,VOL,1.12,True
3,DEL CEP,000-BCQ-471,2460580.55318,4.060,0.009,False,Johnson V,CCD,SAH,,False
4,DEL CEP,000-BCQ-471,2460583.55072,3.499,0.006,False,Johnson V,CCD,SAH,,False
5,DEL CEP,000-BCQ-471,2460585.3213,3.879,0.018,False,Johnson V,DSLR,VOL,1.03,True
6,DEL CEP,000-BCQ-471,2460586.63662,4.132,0.020,False,Johnson V,CCD,SAH,,False
7,DEL CEP,000-BCQ-471,2460587.68416,4.195,0.003,False,Johnson V,CCD,KPRB,1.091,False
8,DEL CEP,000-BCQ-471,2460589.57867,3.775,0.001,False,Johnson V,CCD,KPRB,1.037,False
9,DEL CEP,000-BCQ-471,2460590.2521,3.782,0.016,False,Johnson V,DSLR,VOL,1.08,True
10,DEL CEP,000-BCQ-471,2460591.51479,4.054,0.009,False,Johnson V,CCD,SAH,,False
11,DEL CEP,000-BCQ-471,2460593.54082,3.612,0.011,False,Johnson V,CCD,SAH,,False
12,DEL CEP,000-BCQ-471,2460594.53434,3.567,0.012,False,Johnson V,CCD,SAH,,False
13,DEL CEP,000-BCQ-471,2460602.57563,4.147,0.010,False,Johnson V,CCD,SAH,,False
14,DEL CEP,000-BCQ-471,2460603.51087,4.279,0.002,False,Johnson V,CCD,KPRB,1.053,True
15,DEL CEP,000-BCQ-471,2460604.2543,3.569,0.013,False,Johnson V,DSLR,VOL,1.04,True
16,DEL CEP,000-BCQ-471,2460604.51023,3.480,0.001,False,Johnson V,CCD,KPRB,1.052,True
17,DEL CEP,000-BCQ-471,2460605.50037,3.706,0.001,False,Johnson V,CCD,KPRB,1.057,True
18,DEL CEP,000-BCQ-471,2460606.51571,4.011,0.001,False,Johnson V,CCD,KPRB,1.044,True
19,DEL CEP,000-BCQ-471,2460606.51571,3.958,0.002,False,Johnson V,CCD,KPRB,1.044,True
20,DEL CEP,000-BCQ-471,2460607.52084,4.151,0.002,False,Johnson V,CCD,KPRB,1.041,True
21,DEL CEP,000-BCQ-471,2460608.2404,4.129,0.011,False,Johnson V,DSLR,VOL,1.04,True
22,DEL CEP,000-BCQ-471,2460608.49657,4.315,0.002,False,Johnson V,CCD,KPRB,1.054,True
23,DEL CEP,000-BCQ-471,2460609.53788,3.701,0.005,False,Johnson V,CCD,SAH,,False
24,DEL CEP,000-BCQ-471,2460610.51802,3.579,0.001,False,Johnson V,CCD,KPRB,1.038,True
25,DEL CEP,000-BCQ-471,2460612.2609,3.898,0.009,False,Johnson V,DSLR,VOL,1.02,True
26,DEL CEP,000-BCQ-471,2460612.49363,4.086,0.001,False,Johnson V,CCD,KPRB,1.048,True
27,DEL CEP,000-BCQ-471,2460616.2325,3.568,0.010,False,Johnson V,DSLR,VOL,1.03,True
28,DEL CEP,000-BCQ-471,2460616.54567,3.703,0.006,False,Johnson V,CCD,SAH,,False
29,DEL CEP,000-BCQ-471,2460617.4581,3.878,0.011,False,Johnson V,DSLR,VOL,1.29,True
30,DEL CEP,000-BCQ-471,2460617.49058,4.029,0.001,False,Johnson V,CCD,KPRB,1.042,True
31,DEL CEP,000-BCQ-471,2460618.48688,4.198,0.002,False,Johnson V,CCD,KPRB,1.042,True
32,DEL CEP,000-BCQ-471,2460619.2337,4.153,0.008,False,Johnson V,DSLR,VOL,1.03,True
33,DEL CEP,000-BCQ-471,2460624.2126,4.119,0.017,False,Johnson V,DSLR,VOL,1.03,True
34,DEL CEP,000-BCQ-471,2460630.51434,4.075,0.010,False,Johnson V,CCD,SAH,,False
35,DEL CEP,000-BCQ-471,2460631.2133,3.442,0.039,False,Johnson V,DSLR,VOL,1.02,True
36,DEL CEP,000-BCQ-471,2460640.1972,4.103,0.010,False,Johnson V,DSLR,VOL,1.02,True
37,DEL CEP,000-BCQ-471,2460643.2318,3.614,0.017,False,Johnson V,DSLR,VOL,1.02,True
38,DEL CEP,000-BCQ-471,2460646.2090,4.146,0.013,False,Johnson V,DSLR,VOL,1.02,True
39,DEL CEP,000-BCQ-471,2460646.55381,4.118,0.011,False,Johnson V,CCD,SAH,,False
40,DEL CEP,000-BCQ-471,2460650.2096,3.959,0.011,False,Johnson V,DSLR,VOL,1.02,True
41,DEL CEP,000-BCQ-471,2460657.50408,3.998,0.007,False,Johnson V,CCD,SAH,,False
42,DEL CEP,000-BCQ-471,2460661.2530,4.022,0.007,False,Johnson V,DSLR,VOL,1.09,True
43,DEL CEP,000-BCQ-471,2460665.60679,4.028,0.007,False,Johnson V,CCD,PJDB,1.384,False
44,DEL CEP,000-BCQ-471,2460666.2347,3.961,0.009,False,Johnson V,DSLR,VOL,1.08,True
45,DEL CEP,000-BCQ-471,2460666.62457,4.145,0.009,False,Johnson V,CCD,PJDB,1.475,False
46,DEL CEP,000-BCQ-471,2460667.45656,4.314,0.002,False,Johnson V,CCD,KPRB,1.079,True
47,DEL CEP,000-BCQ-471,2460667.45958,4.329,0.002,False,Johnson V,CCD,KPRB,1.083,True
48,DEL CEP,000-BCQ-471,2460668.62115,3.777,0.009,False,Johnson V,CCD,PJDB,1.494,False
49,DEL CEP,000-BCQ-471,2460669.44707,3.553,0.001,False,Johnson V,CCD,KPRB,1.074,True
50,DEL CEP,000-BCQ-471,2460669.45015,3.533,0.001,False,Johnson V,CCD,KPRB,1.078,True
51,DEL CEP,000-BCQ-471,2460670.1977,3.632,0.007,False,Johnson V,DSLR,VOL,1.05,True
52,DEL CEP,000-BCQ-471,2460670.44670,3.827,0.002,False,Johnson V,CCD,KPRB,1.077,True
53,DEL CEP,000-BCQ-471,2460670.44973,3.836,0.002,False,Johnson V,CCD,KPRB,1.080,True
54,DEL CEP,000-BCQ-471,2460670.60456,3.839,0.010,False,Johnson V,CCD,PJDB,1.436,False
55,DEL CEP,000-BCQ-471,2460671.1935,3.878,0.009,False,Johnson V,DSLR,VOL,1.05,True
56,DEL CEP,000-BCQ-471,2460671.44550,4.128,0.002,False,Johnson V,CCD,KPRB,1.079,True
57,DEL CEP,000-BCQ-471,2460671.44856,4.125,0.002,False,Johnson V,CCD,KPRB,1.082,True
58,DEL CEP,000-BCQ-471,2460671.61078,4.140,0.011,False,Johnson V,CCD,PJDB,1.481,False
59,DEL CEP,000-BCQ-471,2460672.2412,4.071,0.007,False,Johnson V,DSLR,VOL,1.12,True
60,DEL CEP,000-BCQ-471,2460673.60520,4.127,0.008,False,Johnson V,CCD,PJDB,1.480,False
61,DEL CEP,000-BCQ-471,2460674.63322,3.449,0.008,False,Johnson V,CCD,PJDB,1.672,False
62,DEL CEP,000-BCQ-471,2460675.2126,3.548,0.006,False,Johnson V,DSLR,VOL,1.09,True
63,DEL CEP,000-BCQ-471,2460676.58773,3.988,0.012,False,Johnson V,CCD,PJDB,1.433,False
64,DEL CEP,000-BCQ-471,2460677.3498,3.898,0.053,False,Johnson V,DSLR,VOL,1.52,True
65,DEL CEP,000-BCQ-471,2460679.44753,3.609,0.008,False,Johnson V,CCD,KPRB,1.115,True
66,DEL CEP,000-BCQ-471,2460679.44958,3.635,0.007,False,Johnson V,CCD,KPRB,1.119,True
67,DEL CEP,000-BCQ-471,2460679.49905,3.519,0.006,False,Johnson V,CCD,SAH,,False
68,DEL CEP,000-BCQ-471,2460680.49018,3.596,0.009,False,Johnson V,CCD,SAH,,False
69,DEL CEP,000-BCQ-471,2460682.56327,4.008,0.009,False,Johnson V,CCD,SAH,,False
70,DEL CEP,000-BCQ-471,2460686.57370,3.819,0.065,False,Johnson V,CCD,PJDB,1.502,True
71,DEL CEP,000-BCQ-471,2460686.57370,3.837,0.091,False,Johnson V,CCD,PJDB,1.502,True
72,DEL CEP,000-BCQ-471,2460687.57679,4.056,0.097,False,Johnson V,CCD,PJDB,1.535,True
73,DEL CEP,000-BCQ-471,2460687.57679,4.006,0.073,False,Johnson V,CCD,PJDB,1.535,True
74,DEL CEP,000-BCQ-471,2460688.56743,4.131,0.028,False,Johnson V,CCD,PJDB,1.499,True
75,DEL CEP,000-BCQ-471,2460688.56743,4.152,0.068,False,Johnson V,CCD,PJDB,1.499,True
76,DEL CEP,000-BCQ-471,2460689.58043,4.091,0.070,False,Johnson V,CCD,PJDB,1.592,True
77,DEL CEP,000-BCQ-471,2460689.58043,4.116,0.028,False,Johnson V,CCD,PJDB,1.592,True
78,DEL CEP,000-BCQ-471,2460692.58740,3.941,0.065,False,Johnson V,CCD,PJDB,1.719,True
79,DEL CEP,000-BCQ-471,2460692.58740,3.888,0.039,False,Johnson V,CCD,PJDB,1.719,True
80,DEL CEP,000-BCQ-471,2460693.2198,3.964,0.008,False,Johnson V,DSLR,VOL,1.20,True
81,DEL CEP,000-BCQ-471,2460695.55411,3.476,0.063,False,Johnson V,CCD,PJDB,1.542,True
82,DEL CEP,000-BCQ-471,2460695.55411,3.434,0.048,False,Johnson V,CCD,PJDB,1.542,True
83,DEL CEP,000-BCQ-471,2460697.60648,3.899,0.005,False,Johnson V,CCD,PJDB,2.021,True
84,DEL CEP,000-BCQ-471,2460697.60648,3.893,0.005,False,Johnson V,CCD,PJDB,2.021,True
85,DEL CEP,000-BCQ-471,2460698.2225,3.919,0.014,False,Johnson V,DSLR,VOL,1.25,True
86,DEL CEP,000-BCQ-471,2460701.6928,3.445,0.016,False,Johnson V,DSLR,VOL,2.32,True
87,DEL CEP,000-BCQ-471,2460705.2277,4.150,0.009,False,Johnson V,DSLR,VOL,1.33,True
88,DEL CEP,000-BCQ-471,2460709.6737,4.048,0.016,False,Johnson V,DSLR,VOL,2.29,True
89,DEL CEP,000-BCQ-471,2460712.2338,3.381,0.009,False,Johnson V,DSLR,VOL,1.43,True
90,DEL CEP,000-BCQ-471,2460715.2410,4.107,0.023,False,Johnson V,DSLR,VOL,1.50,True
91,DEL CEP,000-BCQ-471,2460724.2368,3.721,0.012,False,Johnson V,DSLR,VOL,1.60,True
92,DEL CEP,000-BCQ-471,2460725.5925,4.000,0.013,False,Johnson V,DSLR,VOL,2.66,True
93,DEL CEP,000-BCQ-471,2460726.6521,4.115,0.019,False,Johnson V,DSLR,VOL,2.07,True
94,DEL CEP,000-BCQ-471,2460728.6475,3.502,0.014,False,Johnson V,DSLR,VOL,2.06,True
95,DEL CEP,000-BCQ-471,2460735.5983,3.883,0.012,False,Johnson V,DSLR,VOL,2.33,True
96,DEL CEP,000-BCQ-471,2460738.6144,3.390,0.025,False,Johnson V,DSLR,VOL,2.11,True
97,DEL CEP,000-BCQ-471,2460741.6752,3.994,0.004,False,Johnson V,DSLR,VOL,1.62,True
98,del Cep,000-BCQ-471,2460743.95239,3.439,0.015,False,Johnson V,CCD,SAH,,False
99,DEL CEP,000-BCQ-471,2460753.2745,4.159,0.024,False,Johnson V,DSLR,VOL,2.54,True
100,DEL CEP,000-BCQ-471,2460753.6490,4.152,0.013,False,Johnson V,DSLR,VOL,1.58,True
101,DEL CEP,000-BCQ-471,2460760.6499,3.411,0.016,False,Johnson V,DSLR,VOL,1.48,True
102,DEL CEP,000-BCQ-471,2460762.5845,3.921,0.017,False,Johnson V,DSLR,VOL,1.83,True
103,DEL CEP,000-BCQ-471,2460765.5731,3.352,0.012,False,Johnson V,DSLR,VOL,1.85,True
104,del Cep,000-BCQ-471,2460768.92834,4.117,0.015,False,Johnson V,CCD,SAH,,False
105,DEL CEP,000-BCQ-471,2460769.5175,4.104,0.023,False,Johnson V,DSLR,VOL,2.22,True
106,del Cep,000-BCQ-471,2460773.90788,4.031,0.007,False,Johnson V,CCD,SAH,,False
107,DEL CEP,000-BCQ-471,2460774.6000,4.130,0.017,False,Johnson V,DSLR,VOL,1.54,True
108,DEL CEP,000-BCQ-471,2460776.6142,3.378,0.013,False,Johnson V,DSLR,VOL,1.44,True
109,del Cep,000-BCQ-471,2460777.89192,3.818,0.015,False,Johnson V,CCD,SAH,,False
110,DEL CEP,000-BCQ-471,2460781.6190,3.333,0.012,False,Johnson V,DSLR,VOL,1.36,True
111,del Cep,000-BCQ-471,2460781.86979,3.425,0.015,False,Johnson V,CCD,SAH,,False
112,del Cep,000-BCQ-471,2460787.85741,3.575,0.02,False,Johnson V,CCD,SAH,,False
113,DEL CEP,000-BCQ-471,2460793.3226,3.554,0.026,False,Johnson V,DSLR,VOL,3.39,True
114,DEL CEP,000-BCQ-471,2460793.6015,3.638,0.006,False,Johnson V,DSLR,VOL,1.31,True
115,del Cep,000-BCQ-471,2460793.86258,3.745,0.016,False,Johnson V,CCD,SAH,,False
116,DEL CEP,000-BCQ-471,2460794.5676,3.871,0.010,False,Johnson V,DSLR,VOL,1.43,True
117,DEL CEP,000-BCQ-471,2460795.5314,4.076,0.015,False,Johnson V,DSLR,VOL,1.60,True
118,DEL CEP,000-BCQ-471,2460798.3492,3.398,0.023,False,Johnson V,DSLR,VOL,3.10,True
119,del Cep,000-BCQ-471,2460802.83198,3.587,0.013,False,Johnson V,CCD,SAH,,False
120,del Cep,000-BCQ-471,2460804.84254,3.799,0.008,False,Johnson V,CCD,SAH,,False
121,DEL CEP,000-BCQ-471,2460805.5784,3.916,0.011,False,Johnson V,DSLR,VOL,1.28,True
122,del Cep,000-BCQ-471,2460806.87015,4.148,0.016,False,Johnson V,CCD,SAH,,False
123,DEL CEP,000-BCQ-471,2460809.3603,3.694,0.030,False,Johnson V,DSLR,VOL,2.69,True
124,DEL CEP,000-BCQ-471,2460811.5324,4.037,0.014,False,Johnson V,DSLR,VOL,1.38,True
125,del Cep,000-BCQ-471,2460811.81854,4.08,0.017,False,Johnson V,CCD,SAH,,False
126,DEL CEP,000-BCQ-471,2460817.4618,4.172,0.019,False,Johnson V,DSLR,VOL,1.65,True
127,del Cep,000-BCQ-471,2460821.78432,3.969,0.015,False,Johnson V,CCD,SAH,,False
128,del Cep,000-BCQ-471,2460824.78448,3.431,0.016,False,Johnson V,CCD,SAH,,False
129,del Cep,000-BCQ-471,2460828.81089,4.128,0.015,False,Johnson V,CCD,SAH,,False
130,DEL CEP,000-BCQ-471,2460832.3895,3.926,0.026,False,Johnson V,DSLR,VOL,1.86,True
131,del Cep,000-BCQ-471,2460836.817037,3.915,0.05,False,Johnson V,CCD,WGEC,1.6458,False
132,del Cep,000-BCQ-471,2460836.82126,3.796,0.011,False,Johnson V,CCD,SAH,,False
133,DEL CEP,000-BCQ-471,2460838.5063,4.093,0.006,False,Johnson V,DSLR,VOL,1.22,True
134,DEL CEP,000-BCQ-471,2460838.758924,4.443,0.021,False,Johnson V,CCD,KPRB,1.244,True
135,DEL CEP,000-BCQ-471,2460838.761123,4.258,0.004,False,Johnson V,CCD,KPRB,1.239,True
136,DEL CEP,000-BCQ-471,2460839.753403,4.235,0.003,False,Johnson V,CCD,KPRB,1.256,True
137,DEL CEP,000-BCQ-471,2460839.756296,4.236,0.003,False,Johnson V,CCD,KPRB,1.247,True
138,DEL CEP,000-BCQ-471,2460841.5360,3.567,0.009,False,Johnson V,DSLR,VOL,1.13,True
139,DEL CEP,000-BCQ-471,2460843.737998,4.172,0.003,False,Johnson V,CCD,KPRB,1.272,True
140,DEL CEP,000-BCQ-471,2460844.4269,4.116,0.007,False,Johnson V,DSLR,VOL,1.45,True
141,DEL CEP,000-BCQ-471,2460847.3856,3.694,0.021,False,Johnson V,DSLR,VOL,1.62,True
142,DEL CEP,000-BCQ-471,2460848.3749,3.903,0.017,False,Johnson V,DSLR,VOL,1.67,True
143,del Cep,000-BCQ-471,2460848.74242,3.959,0.006,False,Johnson V,CCD,SAH,,False
144,del Cep,000-BCQ-471,2460849.78297,4.178,0.008,False,Johnson V,CCD,SAH,,False
145,DEL CEP,000-BCQ-471,2460851.3958,3.353,0.013,False,Johnson V,DSLR,VOL,1.51,True
146,DEL CEP,000-BCQ-471,2460852.3921,3.591,0.015,False,Johnson V,DSLR,VOL,1.51,True
147,del Cep,000-BCQ-471,2460854.72598,4.051,0.017,False,Johnson V,CCD,SAH,,False
148,DEL CEP,000-BCQ-471,2460855.4015,4.158,0.012,False,Johnson V,DSLR,VOL,1.43,True
149,del Cep,000-BCQ-471,2460855.75502,4.141,0.012,False,Johnson V,CCD,SAH,,False
150,DEL CEP,000-BCQ-471,2460857.3628,3.456,0.014,False,Johnson V,DSLR,VOL,1.59,True
151,del Cep,000-BCQ-471,2460857.79648,3.678,0.013,False,Johnson V,CCD,SAH,,False
152,del Cep,000-BCQ-471,2460858.7397,3.875,0.032,False,Johnson V,CCD,SAH,,False
153,del Cep,000-BCQ-471,2460859.7359,4.117,0.013,False,Johnson V,CCD,SAH,,False
154,DEL CEP,000-BCQ-471,2460861.3618,4.003,0.011,False,Johnson V,DSLR,VOL,1.54,True
155,DEL CEP,000-BCQ-471,2460861.676238,3.877,0.003,False,Johnson V,CCD,KPRB,1.314,False
156,DEL CEP,000-BCQ-471,2460861.678519,3.895,0.003,False,Johnson V,CCD,KPRB,1.304,False
157,del Cep,000-BCQ-471,2460861.75354,3.715,0.017,False,Johnson V,CCD,SAH,,False
158,DEL CEP,000-BCQ-471,2460862.5457,3.394,0.014,False,Johnson V,DSLR,VOL,1.04,True
159,DEL CEP,000-BCQ-471,2460863.702836,3.885,0.002,False,Johnson V,CCD,KPRB,1.213,True
160,DEL CEP,000-BCQ-471,2460863.705822,3.836,0.002,False,Johnson V,CCD,KPRB,1.205,True
161,DEL CEP,000-BCQ-471,2460864.3961,3.889,0.011,False,Johnson V,DSLR,VOL,1.35,True
162,del Cep,000-BCQ-471,2460865.80459,4.189,0.018,False,Johnson V,CCD,SAH,,False
163,del Cep,000-BCQ-471,2460866.77428,4.065,0.02,False,Johnson V,CCD,SAH,,False
164,del Cep,000-BCQ-471,2460869.77134,3.922,0.021,False,Johnson V,CCD,SAH,,False
165,DEL CEP,000-BCQ-471,2460870.3960,4.002,0.008,False,Johnson V,DSLR,VOL,1.29,True
166,DEL CEP,000-BCQ-471,2460872.671389,3.549,0.003,False,Johnson V,CCD,KPRB,1.231,True
167,DEL CEP,000-BCQ-471,2460872.673438,3.563,0.003,False,Johnson V,CCD,KPRB,1.225,True
168,DEL CEP,000-BCQ-471,2460875.651019,4.104,0.003,False,Johnson V,CCD,KPRB,1.270,True
169,DEL CEP,000-BCQ-471,2460875.653692,4.106,0.003,False,Johnson V,CCD,KPRB,1.259,True
170,DEL CEP,000-BCQ-471,2460876.4129,4.117,0.011,False,Johnson V,DSLR,VOL,1.19,True
171,DEL CEP,000-BCQ-471,2460877.3709,4.083,0.010,False,Johnson V,DSLR,VOL,1.31,True
172,del Cep,000-BCQ-471,2460877.71839,3.837,0.019,False,Johnson V,CCD,SAH,,False
173,DEL CEP,000-BCQ-471,2460879.5666,3.659,0.006,False,Johnson V,DSLR,VOL,1.02,True
174,del Cep,000-BCQ-471,2460880.71944,4.01,0.007,False,Johnson V,CCD,SAH,,False
175,DEL CEP,000-BCQ-471,2460882.627836,4.271,0.004,False,Johnson V,CCD,KPRB,1.282,True
176,DEL CEP,000-BCQ-471,2460882.630104,4.273,0.004,False,Johnson V,CCD,KPRB,1.274,True
177,del Cep,000-BCQ-471,2460883.73767,3.467,0.008,False,Johnson V,CCD,SAH,,False
178,del Cep,000-BCQ-471,2460884.72983,3.742,0.008,False,Johnson V,CCD,SAH,,False
179,DEL CEP,000-BCQ-471,2460885.615127,6.283,0.003,False,Johnson V,CCD,KPRB,1.297,False
180,DEL CEP,000-BCQ-471,2460885.615127,6.365,0.003,False,Johnson V,CCD,KPRB,1.297,True
181,DEL CEP,000-BCQ-471,2460885.617384,3.997,0.003,False,Johnson V,CCD,KPRB,1.288,False
182,DEL CEP,000-BCQ-471,2460885.617384,4.079,0.003,False,Johnson V,CCD,KPRB,1.288,True
183,DEL CEP,000-BCQ-471,2460886.5100,3.995,0.010,False,Johnson V,DSLR,VOL,1.02,True
184,DEL CEP,000-BCQ-471,2460888.4584,3.752,0.012,False,Johnson V,DSLR,VOL,1.06,True
185,DEL CEP,000-BCQ-471,2460889.5849,3.509,0.013,False,Johnson V,DSLR,VOL,1.04,True
186,DEL CEP,000-BCQ-471,2460889.607234,3.619,0.002,False,Johnson V,CCD,KPRB,1.287,False
187,DEL CEP,000-BCQ-471,2460889.609699,3.637,0.002,False,Johnson V,CCD,KPRB,1.278,False
188,del Cep,000-BCQ-471,2460889.67574,3.577,0.013,False,Johnson V,CCD,SAH,,False
189,DEL CEP,000-BCQ-471,2460890.602315,3.875,0.004,False,Johnson V,CCD,KPRB,1.295,True
190,DEL CEP,000-BCQ-471,2460890.604780,3.853,0.004,False,Johnson V,CCD,KPRB,1.285,True
191,DEL CEP,000-BCQ-471,2460891.606632,4.036,0.017,False,Johnson V,CCD,KPRB,1.271,True
192,DEL CEP,000-BCQ-471,2460892.3310,4.099,0.011,False,Johnson V,DSLR,VOL,1.31,True
193,DEL CEP,000-BCQ-471,2460892.593275,4.269,0.006,False,Johnson V,CCD,KPRB,1.307,True
194,DEL CEP,000-BCQ-471,2460892.595602,4.244,0.006,False,Johnson V,CCD,KPRB,1.298,True
195,del Cep,000-BCQ-471,2460892.79326,4.13,0.016,False,Johnson V,CCD,SAH,,False
196,DEL CEP,000-BCQ-471,2460894.5562,3.353,0.010,False,Johnson V,DSLR,VOL,1.03,True
197,DEL CEP,000-BCQ-471,2460896.3315,3.836,0.009,False,Johnson V,DSLR,VOL,1.27,True
198,DEL CEP,000-BCQ-471,2460897.3355,4.036,0.009,False,Johnson V,DSLR,VOL,1.25,True
199,DEL CEP,000-BCQ-471,2460897.576319,4.216,0.003,False,Johnson V,CCD,KPRB,1.320,True
200,DEL CEP,000-BCQ-471,2460897.579514,4.262,0.003,False,Johnson V,CCD,KPRB,1.308,True
201,DEL CEP,000-BCQ-471,2460898.575150,4.366,0.004,False,Johnson V,CCD,KPRB,1.314,True
202,DEL CEP,000-BCQ-471,2460898.578345,4.369,0.004,False,Johnson V,CCD,KPRB,1.303,True
203,DEL CEP,000-BCQ-471,2460899.3515,3.603,0.009,False,Johnson V,DSLR,VOL,1.19,True
204,DEL CEP,000-BCQ-471,2460899.586146,3.459,0.002,False,Johnson V,CCD,KPRB,1.267,True
205,DEL CEP,000-BCQ-471,2460899.589352,3.483,0.002,False,Johnson V,CCD,KPRB,1.257,True
206,DEL CEP,000-BCQ-471,2460900.583113,3.599,0.002,False,Johnson V,CCD,KPRB,1.271,True
207,DEL CEP,000-BCQ-471,2460900.585903,3.584,0.002,False,Johnson V,CCD,KPRB,1.260,True
208,DEL CEP,000-BCQ-471,2460901.3546,3.754,0.018,False,Johnson V,DSLR,VOL,1.17,True
209,DEL CEP,000-BCQ-471,2460902.565324,4.087,0.002,False,Johnson V,CCD,KPRB,1.314,True
210,DEL CEP,000-BCQ-471,2460902.568264,4.110,0.003,False,Johnson V,CCD,KPRB,1.301,True
211,DEL CEP,000-BCQ-471,2460905.3195,3.362,0.009,False,Johnson V,DSLR,VOL,1.23,True
212,del Cep,000-BCQ-471,2460908.70489,4.175,0.024,False,Johnson V,CCD,SAH,,False
213,del Cep,000-BCQ-471,2460909.63507,4.093,0.011,False,Johnson V,CCD,SAH,,False
214,DEL CEP,000-BCQ-471,2460911.552569,3.762,0.002,False,Johnson V,CCD,KPRB,1.270,True
215,DEL CEP,000-BCQ-471,2460911.555868,3.746,0.002,False,Johnson V,CCD,KPRB,1.260,True
216,DEL CEP,000-BCQ-471,2460913.3691,4.021,0.006,False,Johnson V,DSLR,VOL,1.08,True
217,del Cep,000-BCQ-471,2460913.65519,4.187,0.01,False,Johnson V,CCD,SAH,,False
218,DEL CEP,000-BCQ-471,2460915.4080,3.641,0.011,False,Johnson V,DSLR,VOL,1.03,True
219,DEL CEP,000-BCQ-471,2460915.546539,3.635,0.002,False,Johnson V,CCD,KPRB,1.255,True
220,DEL CEP,000-BCQ-471,2460915.549826,3.630,0.002,False,Johnson V,CCD,KPRB,1.245,True
221,del Cep,000-BCQ-471,2460916.66781,3.703,0.01,False,Johnson V,CCD,SAH,,False
222,del Cep,000-BCQ-471,2460918.862222,4.265,0.043,False,Johnson V,CCD,WGEC,1.0956,False
223,del Cep,000-BCQ-471,2460918.907118,4.221,0.054,False,Johnson V,CCD,WGEC,1.1634,False
224,DEL CEP,000-BCQ-471,2460919.3232,4.097,0.013,False,Johnson V,DSLR,VOL,1.13,True
225,DEL CEP,000-BCQ-471,2460919.542326,4.306,0.002,False,Johnson V,CCD,KPRB,1.234,True
226,DEL CEP,000-BCQ-471,2460919.545613,4.333,0.002,False,Johnson V,CCD,KPRB,1.225,True
227,del Cep,000-BCQ-471,2460919.62314,4.216,0.012,False,Johnson V,CCD,SAH,,False
228,del Cep,000-BCQ-471,2460919.950185,4.382,0.016,False,Johnson V,CCD,WGEC,1.2847,False
229,del Cep,000-BCQ-471,2460920.695914,3.901,0.031,False,Johnson V,CCD,WGEC,1.1868,False
230,DEL CEP,000-BCQ-471,2460921.538924,3.549,0.002,False,Johnson V,CCD,KPRB,1.229,False
231,DEL CEP,000-BCQ-471,2460921.542245,3.530,0.002,False,Johnson V,CCD,KPRB,1.219,False
232,DEL CEP,000-BCQ-471,2460922.2818,3.652,0.025,False,Johnson V,DSLR,VOL,1.21,True
233,DEL CEP,000-BCQ-471,2460924.530532,4.270,0.003,False,Johnson V,CCD,KPRB,1.229,False
234,DEL CEP,000-BCQ-471,2460924.533796,4.271,0.003,False,Johnson V,CCD,KPRB,1.220,False
235,DEL CEP,000-BCQ-471,2460925.2909,4.144,0.012,False,Johnson V,DSLR,VOL,1.17,True
236,del Cep,000-BCQ-471,2460925.727431,4.251,0.02,False,Johnson V,CCD,WGEC,1.1078,False
237,del Cep,000-BCQ-471,2460926.723924,3.523,0.013,False,Johnson V,CCD,WGEC,1.1088,False
238,DEL CEP,000-BCQ-471,2460927.527315,3.735,0.002,False,Johnson V,CCD,KPRB,1.216,False
239,DEL CEP,000-BCQ-471,2460927.530764,3.730,0.002,False,Johnson V,CCD,KPRB,1.207,False
240,DEL CEP,000-BCQ-471,2460927.5794,3.611,0.012,False,Johnson V,DSLR,VOL,1.20,True
241,del Cep,000-BCQ-471,2460927.723426,3.826,0.021,False,Johnson V,CCD,WGEC,1.1061,False
242,DEL CEP,000-BCQ-471,2460928.531829,3.992,0.003,False,Johnson V,CCD,KPRB,1.196,False
243,DEL CEP,000-BCQ-471,2460928.535093,4.009,0.002,False,Johnson V,CCD,KPRB,1.188,False
244,DEL CEP,000-BCQ-471,2460929.509618,4.199,0.002,False,Johnson V,CCD,KPRB,1.251,False
245,DEL CEP,000-BCQ-471,2460929.512917,4.199,0.002,False,Johnson V,CCD,KPRB,1.241,False
246,DEL CEP,000-BCQ-471,2460930.508241,4.390,0.003,False,Johnson V,CCD,KPRB,1.250,False
247,DEL CEP,000-BCQ-471,2460930.511794,4.370,0.003,False,Johnson V,CCD,KPRB,1.240,False
248,del Cep,000-BCQ-471,2460932.983623,3.789,0.041,False,Johnson V,CCD,WGEC,1.6158,False
249,DEL CEP,000-BCQ-471,2460933.2663,3.697,0.012,False,Johnson V,DSLR,VOL,1.17,True
250,DEL CEP,000-BCQ-471,2460933.508588,3.877,0.002,False,Johnson V,CCD,KPRB,1.223,False
251,DEL CEP,000-BCQ-471,2460933.511887,3.888,0.002,False,Johnson V,CCD,KPRB,1.213,False
252,del Cep,000-BCQ-471,2460933.64089,3.813,0.008,False,Johnson V,CCD,SAH,,False
253,del Cep,000-BCQ-471,2460933.702905,3.982,0.029,False,Johnson V,CCD,WGEC,1.1112,False
254,DEL CEP,000-BCQ-471,2460934.507535,4.140,0.002,False,Johnson V,CCD,KPRB,1.218,False
255,DEL CEP,000-BCQ-471,2460934.510822,4.109,0.002,False,Johnson V,CCD,KPRB,1.209,False
256,DEL CEP,000-BCQ-471,2460937.2907,3.381,0.014,False,Johnson V,DSLR,VOL,1.10,True
257,DEL CEP,000-BCQ-471,2460937.586470,3.524,0.002,False,Johnson V,CCD,KPRB,1.062,False
258,DEL CEP,000-BCQ-471,2460937.589780,3.529,0.002,False,Johnson V,CCD,KPRB,1.059,False
259,DEL CEP,000-BCQ-471,2460938.3112,3.612,0.010,False,Johnson V,DSLR,VOL,1.07,True
260,DEL CEP,000-BCQ-471,2460938.516076,3.785,0.002,False,Johnson V,CCD,KPRB,1.169,False
261,DEL CEP,000-BCQ-471,2460938.519398,3.830,0.002,False,Johnson V,CCD,KPRB,1.162,False
262,del Cep,000-BCQ-471,2460938.874051,3.939,0.033,False,Johnson V,CCD,WGEC,1.2127,False
263,DEL CEP,000-BCQ-471,2460939.2732,3.854,0.018,False,Johnson V,DSLR,VOL,1.12,True
264,DEL CEP,000-BCQ-471,2460939.512373,4.057,0.002,False,Johnson V,CCD,KPRB,1.171,False
265,DEL CEP,000-BCQ-471,2460939.515683,4.073,0.002,False,Johnson V,CCD,KPRB,1.164,False
266,del Cep,000-BCQ-471,2460943.814144,3.831,0.013,False,Johnson V,CCD,WGEC,1.1205,False
267,del Cep,000-BCQ-471,2460946.59597,4.176,0.007,False,Johnson V,CCD,SAH,,False
268,DEL CEP,000-BCQ-471,2460947.3993,3.862,0.009,False,Johnson V,DSLR,VOL,1.02,True
269,del Cep,000-BCQ-471,2460949.876771,3.996,0.012,False,Johnson V,CCD,WGEC,1.3145,False
270,DEL CEP,000-BCQ-471,2460951.2514,4.076,0.014,False,Johnson V,DSLR,VOL,1.10,True
271,DEL CEP,000-BCQ-471,2460951.2537,4.058,0.010,False,Johnson V,DSLR,VOL,1.10,True
272,del Cep,000-BCQ-471,2460951.876771,4.359,0.013,False,Johnson V,CCD,WGEC,1.335,False
273,DEL CEP,000-BCQ-471,2460952.4016,4.092,0.012,False,Johnson V,DSLR,VOL,1.03,True
274,del Cep,000-BCQ-471,2460953.63505,3.455,0.004,False,Johnson V,CCD,SAH,,False
275,del Cep,000-BCQ-471,2460953.67603,3.554,0.025,False,Johnson V,CCD,WGEC,1.0834,False
276,DEL CEP,000-BCQ-471,2460957.541273,4.300,0.003,False,Johnson V,CCD,KPRB,1.052,True
277,DEL CEP,000-BCQ-471,2460957.543843,4.348,0.003,False,Johnson V,CCD,KPRB,1.050,True
278,DEL CEP,000-BCQ-471,2460958.3606,3.614,0.015,False,Johnson V,DSLR,VOL,1.02,True
279,DEL CEP,000-BCQ-471,2460958.540625,3.569,0.002,False,Johnson V,CCD,KPRB,1.051,True
280,DEL CEP,000-BCQ-471,2460958.543935,3.560,0.002,False,Johnson V,CCD,KPRB,1.048,True
281,DEL CEP,000-BCQ-471,2460962.2603,4.118,0.014,False,Johnson V,DSLR,VOL,1.05,True
282,del Cep,000-BCQ-471,2460966.325694,3.7,0.05,False,Johnson V,DSLR,PGC,,False
283,DEL CEP,000-BCQ-471,2460966.528935,4.078,0.002,False,Johnson V,CCD,KPRB,1.044,True
284,DEL CEP,000-BCQ-471,2460966.532234,4.052,0.002,False,Johnson V,CCD,KPRB,1.042,True
285,DEL CEP,000-BCQ-471,2460967.2775,4.055,0.014,False,Johnson V,DSLR,VOL,1.03,True
286,DEL CEP,000-BCQ-471,2460967.2797,4.060,0.021,False,Johnson V,DSLR,VOL,1.03,True
287,DEL CEP,000-BCQ-471,2460967.564606,4.297,0.003,False,Johnson V,CCD,KPRB,1.034,True
288,DEL CEP,000-BCQ-471,2460967.567940,4.288,0.004,False,Johnson V,CCD,KPRB,1.034,True
289,del Cep,000-BCQ-471,2460968.57646,4.112,0.003,False,Johnson V,CCD,SAH,,False
290,del Cep,000-BCQ-471,2460971.350694,3.8,0.05,False,Johnson V,DSLR,PGC,,False
291,DEL CEP,000-BCQ-471,2460971.506875,3.995,0.003,False,Johnson V,CCD,KPRB,1.050,True
292,DEL CEP,000-BCQ-471,2460971.510197,3.997,0.003,False,Johnson V,CCD,KPRB,1.047,True
293,DEL CEP,000-BCQ-471,2460973.2578,4.141,0.009,False,Johnson V,DSLR,VOL,1.03,True
294,DEL CEP,000-BCQ-471,2460975.2466,3.431,0.024,False,Johnson V,DSLR,VOL,1.03,True
295,del Cep,000-BCQ-471,2460975.50985,3.564,0.013,False,Johnson V,CCD,SAH,,False
296,del Cep,000-BCQ-471,2460977.68919,4.179,0.033,False,Johnson V,CCD,WGEC,1.0852,False
297,del Cep,000-BCQ-471,2460978.689051,4.383,0.034,False,Johnson V,CCD,WGEC,1.0873,False
298,DEL CEP,000-BCQ-471,2460979.2722,4.092,0.007,False,Johnson V,DSLR,VOL,1.02,True
299,del Cep,000-BCQ-471,2460979.633484,4.002,0.022,False,Johnson V,CCD,WGEC,1.0706,False
300,DEL CEP,000-BCQ-471,2460981.477188,3.819,0.002,False,Johnson V,CCD,KPRB,1.051,False
301,DEL CEP,000-BCQ-471,2460981.480475,3.823,0.002,False,Johnson V,CCD,KPRB,1.049,False
302,DEL CEP,000-BCQ-471,2460982.491100,4.078,0.002,False,Johnson V,CCD,KPRB,1.041,False
303,DEL CEP,000-BCQ-471,2460982.494398,4.089,0.002,False,Johnson V,CCD,KPRB,1.040,False
304,DEL CEP,000-BCQ-471,2460983.2747,4.030,0.013,False,Johnson V,DSLR,VOL,1.02,True
305,DEL CEP,000-BCQ-471,2460984.471192,4.344,0.002,False,Johnson V,CCD,KPRB,1.050,False
306,DEL CEP,000-BCQ-471,2460984.474537,4.332,0.002,False,Johnson V,CCD,KPRB,1.048,False
307,del Cep,000-BCQ-471,2460985.55329,3.418,0.008,False,Johnson V,CCD,SAH,,False
308,DEL CEP,000-BCQ-471,2460986.2277,3.495,0.024,False,Johnson V,DSLR,VOL,1.03,True
309,DEL CEP,000-BCQ-471,2460986.459919,3.732,0.002,False,Johnson V,CCD,KPRB,1.054,False
310,del Cep,000-BCQ-471,2460990.835058,3.563,0.032,False,Johnson V,CCD,WGEC,1.6835,False
311,del Cep,000-BCQ-471,2460991.92658565,3.58,0.007,False,Johnson V,DSLR,HSHC,1.069,True
312,del Cep,000-BCQ-471,2460991.96625,3.607,0.007,False,Johnson V,DSLR,HSHC,1.1,True
313,DEL CEP,000-BCQ-471,2460993.2300,3.829,0.020,False,Johnson V,DSLR,VOL,1.02,True
314,DEL CEP,000-BCQ-471,2460998.2180,3.804,0.011,False,Johnson V,DSLR,VOL,1.02,True
315,del Cep,000-BCQ-471,2460999.403472,3.6,0.01,False,Johnson V,DSLR,PGC,,False
316,del Cep,000-BCQ-471,2461000.344444,3.9,,False,Johnson V,DSLR,PGC,,False
317,DEL CEP,000-BCQ-471,2461003.2628,3.737,0.019,False,Johnson V,DSLR,VOL,1.03,True
318,del Cep,000-BCQ-471,2461003.56071,3.874,0.009,False,Johnson V,CCD,SAH,,False
319,DEL CEP,000-BCQ-471,2461007.3043,3.421,0.016,False,Johnson V,DSLR,VOL,1.09,True
320,DEL CEP,000-BCQ-471,2461015.490984,4.243,0.002,False,Johnson V,CCD,KPRB,1.065,False
321,DEL CEP,000-BCQ-471,2461015.494375,4.233,0.002,False,Johnson V,CCD,KPRB,1.069,False
322,DEL CEP,000-BCQ-471,2461018.490856,3.661,0.002,False,Johnson V,CCD,KPRB,1.074,False
323,DEL CEP,000-BCQ-471,2461018.494167,3.646,0.002,False,Johnson V,CCD,KPRB,1.078,False
324,del Cep,000-BCQ-471,2461019.657905,4.011,0.011,False,Johnson V,CCD,WGEC,1.2262,False
325,DEL CEP,000-BCQ-471,2461020.2396,3.925,0.007,False,Johnson V,DSLR,VOL,1.05,True
326,DEL CEP,000-BCQ-471,2461020.2417,3.922,0.007,False,Johnson V,DSLR,VOL,1.05,True
327,DEL CEP,000-BCQ-471,2461021.2228,4.092,0.017,False,Johnson V,DSLR,VOL,1.04,True
328,DEL CEP,000-BCQ-471,2461022.493449,4.072,0.002,False,Johnson V,CCD,KPRB,1.092,False
329,DEL CEP,000-BCQ-471,2461022.496794,4.062,0.002,False,Johnson V,CCD,KPRB,1.097,False
330,DEL CEP,000-BCQ-471,2461023.2207,3.385,0.010,False,Johnson V,DSLR,VOL,1.04,True
331,del Cep,000-BCQ-471,2461023.601806,3.598,0.012,False,Johnson V,CCD,WGEC,1.1298,False
332,DEL CEP,000-BCQ-471,2461025.489051,4.103,0.002,False,Johnson V,CCD,KPRB,1.097,False
333,DEL CEP,000-BCQ-471,2461025.492384,4.099,0.002,False,Johnson V,CCD,KPRB,1.102,False
334,del Cep,000-BCQ-471,2461025.602025,4.124,0.013,False,Johnson V,CCD,WGEC,1.1391,False
335,DEL CEP,000-BCQ-471,2461027.485127,4.328,0.003,False,Johnson V,CCD,KPRB,1.100,False
336,DEL CEP,000-BCQ-471,2461027.487813,4.311,0.003,False,Johnson V,CCD,KPRB,1.105,False
337,del Cep,000-BCQ-471,2461027.640544,4.247,0.021,False,Johnson V,CCD,WGEC,1.2388,False
338,DEL CEP,000-BCQ-471,2461028.2521,3.504,0.006,False,Johnson V,DSLR,VOL,1.10,True
339,DEL CEP,000-BCQ-471,2461028.2542,3.477,0.008,False,Johnson V,DSLR,VOL,1.10,True
340,del Cep,000-BCQ-471,2461028.640139,3.521,0.039,False,Johnson V,CCD,WGEC,1.2456,False
341,DEL CEP,000-BCQ-471,2461030.2360,3.779,0.005,False,Johnson V,DSLR,VOL,1.08,True
342,del Cep,000-BCQ-471,2461030.49446,3.889,0.004,False,Johnson V,CCD,SAH,,False
343,DEL CEP,000-BCQ-471,2461032.476400,4.373,0.003,False,Johnson V,CCD,KPRB,1.107,False
344,DEL CEP,000-BCQ-471,2461032.479792,4.375,0.003,False,Johnson V,CCD,KPRB,1.113,False
345,DEL CEP,000-BCQ-471,2461036.2087,3.912,0.008,False,Johnson V,DSLR,VOL,1.07,True
346,DEL CEP,000-BCQ-471,2461037.2457,4.060,0.010,False,Johnson V,DSLR,VOL,1.13,True
347,DEL CEP,000-BCQ-471,2461038.2180,4.128,0.009,False,Johnson V,DSLR,VOL,1.09,True
348,DEL CEP,000-BCQ-471,2461043.2876,4.158,0.011,False,Johnson V,DSLR,VOL,1.28,True
349,del Cep,000-BCQ-471,2461043.48995,4.15,0.021,False,Johnson V,CCD,SAH,,False
350,DEL CEP,000-BCQ-471,2461045.2218,3.486,0.006,False,Johnson V,DSLR,VOL,1.12,True
351,del Cep,000-BCQ-471,2461053.49024,4.175,0.008,False,Johnson V,CCD,SAH,,False
352,DEL CEP,000-BCQ-471,2461058.2989,4.005,0.012,False,Johnson V,DSLR,VOL,1.48,True
353,DEL CEP,000-BCQ-471,2461059.2549,4.134,0.019,False,Johnson V,DSLR,VOL,1.31,True
354,DEL CEP,000-BCQ-471,2461065.3555,3.813,0.043,False,Johnson V,DSLR,VOL,1.89,True
355,DEL CEP,000-BCQ-471,2461090.2559,3.980,0.011,False,Johnson V,DSLR,VOL,1.73,True
356,DEL CEP,000-BCQ-471,2461097.2661,4.063,0.008,False,Johnson V,DSLR,VOL,1.94,True
357,DEL CEP,000-BCQ-471,2461098.6347,3.439,0.016,False,Johnson V,DSLR,VOL,2.06,True
358,DEL CEP,000-BCQ-471,2461105.3464,3.749,0.029,False,Johnson V,DSLR,VOL,2.81,True
359,DEL CEP,000-BCQ-471,2461109.6796,3.492,0.014,False,Johnson V,DSLR,VOL,1.55,True
360,DEL CEP,000-BCQ-471,2461113.6564,3.986,0.011,False,Johnson V,DSLR,VOL,1.62,True
361,DEL CEP,000-BCQ-471,2461113.6584,3.949,0.015,False,Johnson V,DSLR,VOL,1.61,True
362,DEL CEP,000-BCQ-471,2461118.6348,4.128,0.016,False,Johnson V,DSLR,VOL,1.67,True
363,DEL CEP,000-BCQ-471,2461118.6364,4.104,0.017,False,Johnson V,DSLR,VOL,1.66,True
364,DEL CEP,000-BCQ-471,2461122.5369,3.959,0.023,False,Johnson V,DSLR,VOL,2.35,True
365,DEL CEP,000-BCQ-471,2461122.5395,4.010,0.023,False,Johnson V,DSLR,VOL,2.33,True
366,DEL CEP,000-BCQ-471,2461137.5552,3.785,0.019,False,Johnson V,DSLR,VOL,1.85,True
367,DEL CEP,000-BCQ-471,2461137.5570,3.767,0.022,False,Johnson V,DSLR,VOL,1.84,True
368,DEL CEP,000-BCQ-471,2461138.5544,3.976,0.019,False,Johnson V,DSLR,VOL,1.84,True
369,DEL CEP,000-BCQ-471,2461139.6188,4.156,0.014,False,Johnson V,DSLR,VOL,1.45,True
370,DEL CEP,000-BCQ-471,2461148.3474,3.698,0.022,False,Johnson V,DSLR,VOL,3.43,True
371,DEL CEP,000-BCQ-471,2461155.6039,4.146,0.009,False,Johnson V,DSLR,VOL,1.33,True
372,DEL CEP,000-BCQ-471,2461160.4862,4.117,0.030,False,Johnson V,DSLR,VOL,1.90,True
373,DEL CEP,000-BCQ-471,2461165.5769,4.038,0.020,False,Johnson V,DSLR,VOL,1.33,True
374,del Cep,000-BCQ-471,2461165.887488,4.274,0.033,False,Johnson V,CCD,WGEC,1.8715,False
375,del Cep,000-BCQ-471,2461166.887535,4.356,0.043,False,Johnson V,CCD,WGEC,1.847,False
376,del Cep,000-BCQ-471,2461167.887257,3.594,0.009,False,Johnson V,CCD,WGEC,1.825,False
377,DEL CEP,000-BCQ-471,2461170.5247,3.930,0.011,False,Johnson V,DSLR,VOL,1.49,True
378,del Cep,000-BCQ-471,2461170.846308,4.184,0.053,False,Johnson V,CCD,WGEC,2.158,False
379,del Cep,000-BCQ-471,2461171.876898,4.372,0.05,False,Johnson V,CCD,WGEC,1.8205,False
380,del Cep,000-BCQ-471,2461172.877118,3.974,0.043,False,Johnson V,CCD,WGEC,1.7955,False
381,del Cep,000-BCQ-471,2461174.877141,3.896,0.025,False,Johnson V,CCD,WGEC,1.751,False
382,del Cep,000-BCQ-471,2461175.876887,4.126,0.035,False,Johnson V,CCD,WGEC,1.7315,False
383,del Cep,000-BCQ-471,2461176.87691,4.318,0.038,False,Johnson V,CCD,WGEC,1.711,False
384,DEL CEP,000-BCQ-471,2461178.4289,3.571,0.009,False,Johnson V,DSLR,VOL,1.96,True
385,DEL CEP,000-BCQ-471,2461181.925544,4.257,0.044,False,Johnson V,CCD,WGEC,1.359,False
386,del Cep,000-BCQ-471,2461182.929213,4.393,0.021,False,Johnson V,CCD,WGEC,1.3343,False
387,DEL CEP,000-BCQ-471,2461184.4307,3.388,0.015,False,Johnson V,DSLR,VOL,1.82,True
388,DEL CEP,000-BCQ-471,2461187.3464,4.037,0.032,False,Johnson V,DSLR,VOL,2.48,True
389,DEL CEP,000-BCQ-471,2461188.5355,4.111,0.020,False,Johnson V,DSLR,VOL,1.26,True
390,DEL CEP,000-BCQ-471,2461190.3683,3.547,0.021,False,Johnson V,DSLR,VOL,2.19,True
391,DEL CEP,000-BCQ-471,2461195.5199,3.528,0.011,False,Johnson V,DSLR,VOL,1.25,True
392,DEL CEP,000-BCQ-471,2461197.4204,3.956,0.031,False,Johnson V,DSLR,VOL,1.71,True
393,DEL CEP,000-BCQ-471,2461200.772361,3.580,0.003,False,Johnson V,CCD,KPRB,1.237,True
394,DEL CEP,000-BCQ-471,2461200.775671,3.583,0.003,False,Johnson V,CCD,KPRB,1.228,True
395,DEL CEP,000-BCQ-471,2461201.761609,3.867,0.003,False,Johnson V,CCD,KPRB,1.262,True
396,DEL CEP,000-BCQ-471,2461201.764931,3.866,0.003,False,Johnson V,CCD,KPRB,1.252,True
397,DEL CEP,000-BCQ-471,2461203.3889,4.052,0.018,False,Johnson V,DSLR,VOL,1.75,True
398,DEL CEP,000-BCQ-471,2461205.759688,3.505,0.003,False,Johnson V,CCD,KPRB,1.233,False
399,DEL CEP,000-BCQ-471,2461205.761852,3.512,0.003,False,Johnson V,CCD,KPRB,1.227,False
400,del Cep,000-BCQ-471,2461206.932292,3.843,0.017,False,Johnson V,CCD,WGEC,1.1459,False
401,DEL CEP,000-BCQ-471,2461207.728403,4.000,0.002,False,Johnson V,CCD,KPRB,1.320,True
402,DEL CEP,000-BCQ-471,2461207.731678,3.992,0.002,False,Johnson V,CCD,KPRB,1.308,True
403,del Cep,000-BCQ-471,2461207.932072,4.072,0.004,False,Johnson V,CCD,WGEC,1.1414,False
404,del Cep,000-BCQ-471,2461209.907523,4.35,0.032,False,Johnson V,CCD,WGEC,1.1791,False
405,DEL CEP,000-BCQ-471,2461210.3709,3.796,0.022,False,Johnson V,DSLR,VOL,1.75,True
406,DEL CEP,000-BCQ-471,2461211.4502,3.431,0.008,False,Johnson V,DSLR,VOL,1.33,True
407,DEL CEP,000-BCQ-471,2461216.5011,3.364,0.017,False,Johnson V,DSLR,VOL,1.15,True
408,DEL CEP,000-BCQ-471,2461217.3912,3.628,0.016,False,Johnson V,DSLR,VOL,1.52,True
409,DEL CEP,000-BCQ-471,2461217.4176,3.619,0.015,False,Johnson V,DSLR,VOL,1.40,True
410,DEL CEP,000-BCQ-471,2461218.3914,3.876,0.006,False,Johnson V,DSLR,VOL,1.50,True
411,DEL CEP,000-BCQ-471,2461225.703611,4.308,0.002,False,Johnson V,CCD,KPRB,1.237,True
412,DEL CEP,000-BCQ-471,2461225.705405,4.281,0.002,False,Johnson V,CCD,KPRB,1.231,True
413,DEL CEP,000-BCQ-471,2461225.730787,4.331,0.001,False,Johnson V,CCD,KPRB,1.166,True
414,DEL CEP,000-BCQ-471,2461226.695544,3.677,0.001,False,Johnson V,CCD,KPRB,1.254,True
415,DEL CEP,000-BCQ-471,2461226.697419,3.736,0.002,False,Johnson V,CCD,KPRB,1.247,True
416,DEL CEP,000-BCQ-471,2461226.736574,3.700,0.001,False,Johnson V,CCD,KPRB,1.148,True
417,del Cep,000-BCQ-471,2461231.83515,3.987,0.012,False,Johnson V,CCD,WGEC,1.2084,False
418,DEL CEP,000-BCQ-471,2461232.680081,3.482,0.003,False,Johnson V,CCD,KPRB,1.253,True
419,DEL CEP,000-BCQ-471,2461232.683623,3.482,0.003,False,Johnson V,CCD,KPRB,1.242,True
420,DEL CEP,000-BCQ-471,2461233.669387,3.741,0.002,False,Johnson V,CCD,KPRB,1.274,True
421,DEL CEP,000-BCQ-471,2461233.673287,3.768,0.002,False,Johnson V,CCD,KPRB,1.266,True
422,del Cep,000-BCQ-471,2461233.72963,3.758,0.06,False,Johnson V,CCD,ARHA,1.125,False
423,del Cep,000-BCQ-471,2461233.771852,3.79,0.043,False,Johnson V,CCD,ARHA,1.066,False
424,del Cep,000-BCQ-471,2461233.80338,3.835,0.044,False,Johnson V,CCD,ARHA,1.042,False
425,DEL CEP,000-BCQ-471,2461234.667083,4.027,0.004,False,Johnson V,CCD,KPRB,1.276,True
426,DEL CEP,000-BCQ-471,2461234.669560,4.036,0.004,False,Johnson V,CCD,KPRB,1.268,True
427,DEL CEP,000-BCQ-471,2461238.692616,3.632,0.002,False,Johnson V,CCD,KPRB,1.175,True
428,DEL CEP,000-BCQ-471,2461238.696123,3.619,0.002,False,Johnson V,CCD,KPRB,1.167,True
429,DEL CEP,000-BCQ-471,2461241.655984,4.250,0.003,False,Johnson V,CCD,KPRB,1.251,True
430,DEL CEP,000-BCQ-471,2461241.655984,4.283,0.003,False,Johnson V,CCD,KPRB,1.251,True
431,DEL CEP,000-BCQ-471,2461241.658507,4.267,0.003,False,Johnson V,CCD,KPRB,1.243,True
432,DEL CEP,000-BCQ-471,2461241.658507,4.338,0.003,False,Johnson V,CCD,KPRB,1.243,True
433,DEL CEP,000-BCQ-471,2461242.638773,3.860,0.003,False,Johnson V,CCD,KPRB,1.300,False
434,DEL CEP,000-BCQ-471,2461242.638773,3.826,0.003,False,Johnson V,CCD,KPRB,1.300,True
435,DEL CEP,000-BCQ-471,2461242.638773,3.829,0.003,False,Johnson V,CCD,KPRB,1.300,True
436,DEL CEP,000-BCQ-471,2461242.642326,3.883,0.003,False,Johnson V,CCD,KPRB,1.288,False
437,DEL CEP,000-BCQ-471,2461242.642326,3.850,0.003,False,Johnson V,CCD,KPRB,1.288,True
438,DEL CEP,000-BCQ-471,2461242.642326,3.831,0.003,False,Johnson V,CCD,KPRB,1.288,True
439,del Cep,000-BCQ-471,2461244.792118,3.893,0.083,False,Johnson V,CCD,ARHA,1.035,False
440,DEL CEP,000-BCQ-471,2461244.797558,3.830,0.003,False,Johnson V,CCD,KPRB,1.035,True
441,DEL CEP,000-BCQ-471,2461244.797558,3.794,0.003,False,Johnson V,CCD,KPRB,1.035,True
442,DEL CEP,000-BCQ-471,2461244.800162,3.825,0.003,False,Johnson V,CCD,KPRB,1.035,True
443,DEL CEP,000-BCQ-471,2461244.800162,3.818,0.003,False,Johnson V,CCD,KPRB,1.035,True
444,del Cep,000-BCQ-471,2461244.808206,3.845,0.087,False,Johnson V,CCD,ARHA,1.035,False
445,del Cep,000-BCQ-471,2461244.849861,3.875,0.081,False,Johnson V,CCD,ARHA,1.054,False
446,DEL CEP,000-BCQ-471,2461245.675382,3.989,0.003,False,Johnson V,CCD,KPRB,1.170,True
447,DEL CEP,000-BCQ-471,2461245.675382,4.055,0.003,False,Johnson V,CCD,KPRB,1.170,True
448,DEL CEP,000-BCQ-471,2461245.678889,4.015,0.003,False,Johnson V,CCD,KPRB,1.162,True
449,DEL CEP,000-BCQ-471,2461245.678889,4.073,0.003,False,Johnson V,CCD,KPRB,1.162,True
450,del Cep,000-BCQ-471,2461245.685648,3.929,0.199,False,Johnson V,CCD,ARHA,1.146,False
451,del Cep,000-BCQ-471,2461245.743356,4.081,0.05,False,Johnson V,CCD,ARHA,1.061,False
452,del Cep,000-BCQ-471,2461245.769306,4.082,0.046,False,Johnson V,CCD,ARHA,1.043,False
453,del Cep,000-BCQ-471,2461245.811424,4.077,0.061,False,Johnson V,CCD,ARHA,1.036,False
454,del Cep,000-BCQ-471,2461245.845972,4.111,0.039,False,Johnson V,CCD,ARHA,1.053,False
455,DEL CEP,000-BCQ-471,2461246.623970,4.250,0.003,False,Johnson V,CCD,KPRB,1.313,True
456,DEL CEP,000-BCQ-471,2461246.623970,4.240,0.003,False,Johnson V,CCD,KPRB,1.313,True
457,DEL CEP,000-BCQ-471,2461246.627477,4.274,0.003,False,Johnson V,CCD,KPRB,1.300,True
458,DEL CEP,000-BCQ-471,2461246.627477,4.264,0.003,False,Johnson V,CCD,KPRB,1.300,True
459,del Cep,000-BCQ-471,2461246.67338,4.337,0.06,False,Johnson V,CCD,ARHA,1.168,False
460,del Cep,000-BCQ-471,2461246.744213,4.176,0.171,False,Johnson V,CCD,ARHA,1.058,False
461,del Cep,000-BCQ-471,2461246.767222,4.269,0.054,False,Johnson V,CCD,ARHA,1.042,False
462,DEL CEP,000-BCQ-471,2461247.620637,4.218,0.003,False,Johnson V,CCD,KPRB,1.317,True
463,DEL CEP,000-BCQ-471,2461247.620637,4.208,0.003,False,Johnson V,CCD,KPRB,1.317,True
464,DEL CEP,000-BCQ-471,2461247.624167,4.233,0.003,False,Johnson V,CCD,KPRB,1.304,True
465,DEL CEP,000-BCQ-471,2461247.624167,4.223,0.003,False,Johnson V,CCD,KPRB,1.304,True
466,del Cep,000-BCQ-471,2461247.798148,4.068,0.103,False,Johnson V,CCD,ARHA,1.034,False
467,del Cep,000-BCQ-471,2461247.839722,4.025,0.131,False,Johnson V,CCD,ARHA,1.052,False
468,DEL CEP,000-BCQ-471,2461248.628866,3.516,0.002,False,Johnson V,CCD,KPRB,1.279,True
469,DEL CEP,000-BCQ-471,2461248.628866,3.506,0.002,False,Johnson V,CCD,KPRB,1.279,True
470,DEL CEP,000-BCQ-471,2461248.632419,3.506,0.002,False,Johnson V,CCD,KPRB,1.267,True
471,DEL CEP,000-BCQ-471,2461248.632419,3.496,0.002,False,Johnson V,CCD,KPRB,1.267,True
472,del Cep,000-BCQ-471,2461248.676956,3.564,0.055,False,Johnson V,CCD,ARHA,1.149,False
473,del Cep,000-BCQ-471,2461248.724178,3.498,0.055,False,Johnson V,CCD,ARHA,1.073,False
474,del Cep,000-BCQ-471,2461248.757199,3.484,0.034,False,Johnson V,CCD,ARHA,1.045,False
475,del Cep,000-BCQ-471,2461248.7975,3.489,0.068,False,Johnson V,CCD,ARHA,1.035,False
476,del Cep,000-BCQ-471,2461248.835671,3.47,0.116,False,Johnson V,CCD,ARHA,1.052,False
477,DEL CEP,000-BCQ-471,2461249.634688,3.744,0.002,False,Johnson V,CCD,KPRB,1.250,True
478,DEL CEP,000-BCQ-471,2461249.637292,3.747,0.002,False,Johnson V,CCD,KPRB,1.241,True
479,del Cep,000-BCQ-471,2461249.664861,3.743,0.043,False,Johnson V,CCD,ARHA,1.169,False
480,del Cep,000-BCQ-471,2461249.726377,3.682,0.16,False,Johnson V,CCD,ARHA,1.068,False
481,del Cep,000-BCQ-471,2461249.761979,3.775,0.075,False,Johnson V,CCD,ARHA,1.041,False
482,del Cep,000-BCQ-471,2461249.789711,3.807,0.067,False,Johnson V,CCD,ARHA,1.034,False
483,del Cep,000-BCQ-471,2461249.832211,3.783,0.066,False,Johnson V,CCD,ARHA,1.051,False
484,del Cep,000-BCQ-471,2461257.823877,4.307,0.065,False,Johnson V,CCD,ARHA,1.063,False
485,DEL CEP,000-BCQ-471,2461257.848970,4.316,0.004,False,Johnson V,CCD,KPRB,1.094,True
486,del Cep,000-BCQ-471,2461257.851412,4.473,0.128,False,Johnson V,CCD,ARHA,1.095,False
487,DEL CEP,000-BCQ-471,2461262.624340,4.198,0.004,False,Johnson V,CCD,KPRB,1.181,True
488,DEL CEP,000-BCQ-471,2461262.627720,4.202,0.004,False,Johnson V,CCD,KPRB,1.173,True
489,del Cep,000-BCQ-471,2461262.631215,4.257,0.028,False,Johnson V,CCD,ARHA,1.16,False
490,del Cep,000-BCQ-471,2461262.698218,4.264,0.034,False,Johnson V,CCD,ARHA,1.06,False
491,del Cep,000-BCQ-471,2461262.715706,4.256,0.041,False,Johnson V,CCD,ARHA,1.047,False
492,del Cep,000-BCQ-471,2461262.758866,4.261,0.037,False,Johnson V,CCD,ARHA,1.034,False
493,DEL CEP,000-BCQ-471,2461266.579178,3.910,0.003,False,Johnson V,CCD,KPRB,1.281,True
494,DEL CEP,000-BCQ-471,2461266.582639,3.893,0.003,False,Johnson V,CCD,KPRB,1.269,True
495,del Cep,000-BCQ-471,2461266.630417,4.053,0.12,False,Johnson V,CCD,ARHA,1.143,False
496,del Cep,000-BCQ-471,2461266.67875,3.996,0.028,False,Johnson V,CCD,ARHA,1.069,False
497,del Cep,000-BCQ-471,2461266.708565,3.997,0.054,False,Johnson V,CCD,ARHA,1.045,False
498,del Cep,000-BCQ-471,2461266.748935,3.992,0.066,False,Johnson V,CCD,ARHA,1.035,False
499,del Cep,000-BCQ-471,2461266.7839,3.99,0.074,False,Johnson V,CCD,ARHA,1.049,False
500,del Cep,000-BCQ-471,2461266.824583,4.017,0.066,False,Johnson V,CCD,ARHA,1.093,False
501,del Cep,000-BCQ-471,2461267.621921,4.056,0.137,False,Johnson V,CCD,ARHA,1.156,False
502,del Cep,000-BCQ-471,2461267.687708,4.172,0.049,False,Johnson V,CCD,ARHA,1.058,False
503,DEL CEP,000-BCQ-471,2461267.694734,4.148,0.004,False,Johnson V,CCD,KPRB,1.052,True
504,DEL CEP,000-BCQ-471,2461267.698194,4.111,0.004,False,Johnson V,CCD,KPRB,1.050,True
505,del Cep,000-BCQ-471,2461267.701748,4.197,0.037,False,Johnson V,CCD,ARHA,1.046,False
506,del Cep,000-BCQ-471,2461267.743137,4.186,0.053,False,Johnson V,CCD,ARHA,1.034,False
507,del Cep,000-BCQ-471,2461267.780231,4.211,0.051,False,Johnson V,CCD,ARHA,1.049,False
508,del Cep,000-BCQ-471,2461267.833738,4.201,0.072,False,Johnson V,CCD,ARHA,1.111,False
509,DEL CEP,000-BCQ-471,2461268.572280,4.286,0.003,False,Johnson V,CCD,KPRB,1.286,True
510,DEL CEP,000-BCQ-471,2461268.574977,4.262,0.003,False,Johnson V,CCD,KPRB,1.275,True
511,del Cep,000-BCQ-471,2461268.737824,4.29,0.082,False,Johnson V,CCD,ARHA,1.034,False
512,del Cep,000-BCQ-471,2461268.779259,4.328,0.093,False,Johnson V,CCD,ARHA,1.05,False
513,del Cep,000-BCQ-471,2461268.830602,4.273,0.077,False,Johnson V,CCD,ARHA,1.111,False
514,DEL CEP,000-BCQ-471,2461272.544213,4.079,0.003,False,Johnson V,CCD,KPRB,1.347,True
515,DEL CEP,000-BCQ-471,2461272.547674,4.044,0.003,False,Johnson V,CCD,KPRB,1.333,True
516,DEL CEP,000-BCQ-471,2461274.555579,4.135,0.003,False,Johnson V,CCD,KPRB,1.285,True
517,DEL CEP,000-BCQ-471,2461274.559039,4.144,0.003,False,Johnson V,CCD,KPRB,1.274,True
518,del Cep,000-BCQ-471,2461274.6963,4.26,0.006,False,Johnson V,CCD,DJX,1.1001,True
519,DEL CEP,000-BCQ-471,2461278.584479,4.142,0.003,False,Johnson V,CCD,KPRB,1.172,True
520,DEL CEP,000-BCQ-471,2461278.588148,4.160,0.003,False,Johnson V,CCD,KPRB,1.164,True
521,del Cep,000-BCQ-471,2461278.591817,4.254,0.042,False,Johnson V,CCD,ARHA,1.151,False
522,del Cep,000-BCQ-471,2461278.659086,4.266,0.031,False,Johnson V,CCD,ARHA,1.056,False
523,del Cep,000-BCQ-471,2461278.711539,4.23,0.116,False,Johnson V,CCD,ARHA,1.034,False
524,del Cep,000-BCQ-471,2461278.753067,4.242,0.162,False,Johnson V,CCD,ARHA,1.051,False
525,del Cep,000-BCQ-471,2461278.796644,4.242,0.108,False,Johnson V,CCD,ARHA,1.101,False
526,del Cep,000-BCQ-471,2461279.584271,4.294,0.065,False,Johnson V,CCD,ARHA,1.166,False
527,DEL CEP,000-BCQ-471,2461279.590174,4.360,0.004,False,Johnson V,CCD,KPRB,1.149,True
528,DEL CEP,000-BCQ-471,2461279.592766,4.316,0.004,False,Johnson V,CCD,KPRB,1.143,True
529,del Cep,000-BCQ-471,2461279.670324,4.286,0.039,False,Johnson V,CCD,ARHA,1.046,False
530,del Cep,000-BCQ-471,2461279.709375,4.346,0.051,False,Johnson V,CCD,ARHA,1.034,False
531,DEL CEP,000-BCQ-471,2461281.564630,3.687,0.002,False,Johnson V,CCD,KPRB,1.200,True
532,DEL CEP,000-BCQ-471,2461281.567199,3.647,0.002,False,Johnson V,CCD,KPRB,1.193,True
533,del Cep,000-BCQ-471,2461281.577917,3.624,0.128,False,Johnson V,CCD,ARHA,1.168,False
534,del Cep,000-BCQ-471,2461281.647975,3.661,0.114,False,Johnson V,CCD,ARHA,1.059,False
535,del Cep,000-BCQ-471,2461281.668229,3.804,0.038,False,Johnson V,CCD,ARHA,1.044,False
536,del Cep,000-BCQ-471,2461281.706794,3.762,0.075,False,Johnson V,CCD,ARHA,1.034,False
537,del Cep,000-BCQ-471,2461281.74485,3.815,0.066,False,Johnson V,CCD,ARHA,1.051,False
538,del Cep,000-BCQ-471,2461281.78985,3.759,0.065,False,Johnson V,CCD,ARHA,1.103,False
539,del Cep,000-BCQ-471,2461282.589757,3.938,0.043,False,Johnson V,CCD,ARHA,1.138,False
540,DEL CEP,000-BCQ-471,2461282.612454,3.945,0.003,False,Johnson V,CCD,KPRB,1.098,True
541,DEL CEP,000-BCQ-471,2461282.615961,3.960,0.003,False,Johnson V,CCD,KPRB,1.093,True
542,del Cep,000-BCQ-471,2461282.63941,3.955,0.037,False,Johnson V,CCD,ARHA,1.065,False
543,del Cep,000-BCQ-471,2461282.871759,4.033,0.023,False,Johnson V,CCD,WGEC,1.102,False
544,del Cep,000-BCQ-471,2461284.571412,4.322,0.023,False,Johnson V,CCD,ARHA,1.164,False
545,del Cep,000-BCQ-471,2461284.577442,4.309,0.007,False,Johnson V,CCD,KPRB,1.146,True
546,del Cep,000-BCQ-471,2461284.579873,4.347,0.006,False,Johnson V,CCD,KPRB,1.141,True
547,del Cep,000-BCQ-471,2461284.776574,4.332,0.051,False,Johnson V,CCD,ARHA,1.094,False
548,del Cep,000-BCQ-471,2461286.783333,3.645,0.005,False,Johnson V,CCD,WGEC,1.073,False
549,del Cep,000-BCQ-471,2461290.544329,4.259,0.003,False,Johnson V,CCD,KPRB,1.19,True
550,del Cep,000-BCQ-471,2461290.547824,4.249,0.003,False,Johnson V,CCD,KPRB,1.181,True
551,del Cep,000-BCQ-471,2461291.544132,3.465,0.002,False,Johnson V,CCD,KPRB,1.184,True
552,del Cep,000-BCQ-471,2461291.54647,3.484,0.002,False,Johnson V,CCD,KPRB,1.178,True
553,del Cep,000-BCQ-471,2461292.621586,3.664,0.003,False,Johnson V,CCD,KPRB,1.057,True
554,del Cep,000-BCQ-471,2461292.625093,3.693,0.004,False,Johnson V,CCD,KPRB,1.054,True
555,del Cep,000-BCQ-471,2461294.74,4.237,0.004,False,Johnson V,CCD,KPRB,1.083,True
556,del Cep,000-BCQ-471,2461294.742269,4.231,0.003,False,Johnson V,CCD,KPRB,1.086,True
557,del Cep,000-BCQ-471,2461295.670081,4.267,0.004,False,Johnson V,CCD,KPRB,1.035,True
558,del Cep,000-BCQ-471,2461295.672755,4.293,0.004,False,Johnson V,CCD,KPRB,1.035,True
559,del Cep,000-BCQ-471,2461300.62746,4.326,0.0034,False,Johnson V,CCD,BPAK,1.017,False
560,del Cep,000-BCQ-471,2461301.54671,3.782,0.2153,False,Johnson V,CCD,BPAK,1.074,False
561,del Cep,000-BCQ-471,2461301.54679,3.766,0.2153,False,Johnson V,CCD,BPAK,1.074,False
562,del Cep,000-BCQ-471,2461301.793843,3.778,0.034,False,Johnson V,CCD,WGEC,1.0795,False
