JD,Magnitude,Uncertainty,HQuncertainty,Band,Observer Code,Comment Code(s),Comp Star 1,Comp Star 2,Charts,Comments,Transfomed,Airmass,Validation Flag,Cmag,Kmag,HJD,Star Name,Observer Affiliation,Measurement Method,Grouping Method,ADS Reference,Digitizer,Credit
2460887.219429,10.420,0.005,,TG,PEX,,000-BLD-973,000-BCQ-596,X40513CGX,,0,1.248,Z,-12.687,-13.432,,CY AQR,AAVSO,STD,,,,
2460887.219860,10.462,0.006,,TG,PEX,,000-BLD-973,000-BCQ-596,X40513CGX,,0,1.247,Z,-12.737,-13.432,,CY AQR,AAVSO,STD,,,,
2460887.221053,10.502,0.008,,TG,PEX,,000-BLD-973,000-BCQ-596,X40513CGX,,0,1.244,Z,-12.590,-13.223,,CY AQR,AAVSO,STD,,,,
2460887.222246,10.511,0.007,,TG,PEX,,000-BLD-973,000-BCQ-596,X40513CGX,,0,1.242,Z,-12.627,-13.211,,CY AQR,AAVSO,STD,,,,
2460887.222676,10.436,0.007,,TG,PEX,,000-BLD-973,000-BCQ-596,X40513CGX,,0,1.241,Z,-12.565,-13.284,,CY AQR,AAVSO,STD,,,,
2460887.223105,10.416,0.007,,TG,PEX,,000-BLD-973,000-BCQ-596,X40513CGX,,0,1.240,Z,-12.571,-13.333,,CY AQR,AAVSO,STD,,,,
2460887.223567,10.492,0.008,,TG,PEX,,000-BLD-973,000-BCQ-596,X40513CGX,,0,1.239,Z,-12.562,-13.329,,CY AQR,AAVSO,STD,,,,
2460887.224071,10.488,0.006,,TG,PEX,,000-BLD-973,000-BCQ-596,X40513CGX,,0,1.238,Z,-12.694,-13.400,,CY AQR,AAVSO,STD,,,,
2460887.224677,10.509,0.007,,TG,PEX,,000-BLD-973,000-BCQ-596,X40513CGX,,0,1.237,Z,-12.667,-13.451,,CY AQR,AAVSO,STD,,,,
2460887.225175,10.540,0.006,,TG,PEX,,000-BLD-973,000-BCQ-596,X40513CGX,,0,1.236,Z,-12.703,-13.417,,CY AQR,AAVSO,STD,,,,
2460887.225603,10.543,0.007,,TG,PEX,,000-BLD-973,000-BCQ-596,X40513CGX,,0,1.235,Z,-12.703,-13.406,,CY AQR,AAVSO,STD,,,,
2460887.226588,10.567,0.006,,TG,PEX,,000-BLD-973,000-BCQ-596,X40513CGX,,0,1.233,Z,-12.697,-13.416,,CY AQR,AAVSO,STD,,,,
2460887.227606,10.636,0.008,,TG,PEX,,000-BLD-973,000-BCQ-596,X40513CGX,,0,1.231,Z,-12.727,-13.415,,CY AQR,AAVSO,STD,,,,
2460887.230444,10.669,0.008,,TG,PEX,,000-BLD-973,000-BCQ-596,X40513CGX,,0,1.226,Z,-12.678,-13.449,,CY AQR,AAVSO,STD,,,,
2460887.232657,10.765,0.008,,TG,PEX,,000-BLD-973,000-BCQ-596,X40513CGX,,0,1.223,Z,-12.685,-13.404,,CY AQR,AAVSO,STD,,,,
2460887.234157,10.849,0.008,,TG,PEX,,000-BLD-973,000-BCQ-596,X40513CGX,,0,1.220,Z,-12.680,-13.409,,CY AQR,AAVSO,STD,,,,
2460887.234773,10.843,0.009,,TG,PEX,,000-BLD-973,000-BCQ-596,X40513CGX,,0,1.219,Z,-12.682,-13.448,,CY AQR,AAVSO,STD,,,,
2460887.235562,10.862,0.009,,TG,PEX,,000-BLD-973,000-BCQ-596,X40513CGX,,0,1.218,Z,-12.683,-13.434,,CY AQR,AAVSO,STD,,,,
2460887.236581,10.903,0.009,,TG,PEX,,000-BLD-973,000-BCQ-596,X40513CGX,,0,1.217,Z,-12.679,-13.428,,CY AQR,AAVSO,STD,,,,
2460887.237208,10.914,0.009,,TG,PEX,,000-BLD-973,000-BCQ-596,X40513CGX,,0,1.216,Z,-12.714,-13.436,,CY AQR,AAVSO,STD,,,,
2460887.237735,10.892,0.010,,TG,PEX,,000-BLD-973,000-BCQ-596,X40513CGX,,0,1.215,Z,-12.678,-13.463,,CY AQR,AAVSO,STD,,,,
2460887.238231,10.975,0.009,,TG,PEX,,000-BLD-973,000-BCQ-596,X40513CGX,,0,1.215,Z,-12.701,-13.388,,CY AQR,AAVSO,STD,,,,
2460887.238661,10.910,0.009,,TG,PEX,,000-BLD-973,000-BCQ-596,X40513CGX,,0,1.214,Z,-12.615,-13.375,,CY AQR,AAVSO,STD,,,,
2460887.239124,10.938,0.012,,TG,PEX,,000-BLD-973,000-BCQ-596,X40513CGX,,0,1.214,Z,-12.577,-13.419,,CY AQR,AAVSO,STD,,,,
2460887.239916,10.955,0.009,,TG,PEX,,000-BLD-973,000-BCQ-596,X40513CGX,,0,1.213,Z,-12.720,-13.463,,CY AQR,AAVSO,STD,,,,
2460887.240774,10.941,0.009,,TG,PEX,,000-BLD-973,000-BCQ-596,X40513CGX,,0,1.212,Z,-12.670,-13.413,,CY AQR,AAVSO,STD,,,,
2460887.241521,10.965,0.009,,TG,PEX,,000-BLD-973,000-BCQ-596,X40513CGX,,0,1.211,Z,-12.658,-13.401,,CY AQR,AAVSO,STD,,,,
2460887.242045,11.009,0.009,,TG,PEX,,000-BLD-973,000-BCQ-596,X40513CGX,,0,1.210,Z,-12.735,-13.367,,CY AQR,AAVSO,STD,,,,
2460887.243032,11.043,0.010,,TG,PEX,,000-BLD-973,000-BCQ-596,X40513CGX,,0,1.209,Z,-12.652,-13.413,,CY AQR,AAVSO,STD,,,,
2460887.243496,11.021,0.010,,TG,PEX,,000-BLD-973,000-BCQ-596,X40513CGX,,0,1.209,Z,-12.708,-13.435,,CY AQR,AAVSO,STD,,,,
2460887.243935,11.044,0.011,,TG,PEX,,000-BLD-973,000-BCQ-596,X40513CGX,,0,1.208,Z,-12.677,-13.374,,CY AQR,AAVSO,STD,,,,
2460887.244802,11.034,0.010,,TG,PEX,,000-BLD-973,000-BCQ-596,X40513CGX,,0,1.207,Z,-12.743,-13.457,,CY AQR,AAVSO,STD,,,,
2460887.245392,11.065,0.010,,TG,PEX,,000-BLD-973,000-BCQ-596,X40513CGX,,0,1.207,Z,-12.714,-13.464,,CY AQR,AAVSO,STD,,,,
2460887.246235,11.041,0.010,,TG,PEX,,000-BLD-973,000-BCQ-596,X40513CGX,,0,1.206,Z,-12.703,-13.422,,CY AQR,AAVSO,STD,,,,
2460887.247243,11.059,0.010,,TG,PEX,,000-BLD-973,000-BCQ-596,X40513CGX,,0,1.205,Z,-12.691,-13.415,,CY AQR,AAVSO,STD,,,,
2460887.247739,11.056,0.011,,TG,PEX,,000-BLD-973,000-BCQ-596,X40513CGX,,0,1.205,Z,-12.677,-13.442,,CY AQR,AAVSO,STD,,,,
2460887.248599,10.956,0.009,,TG,PEX,,000-BLD-973,000-BCQ-596,X40513CGX,,0,1.204,Z,-12.686,-13.441,,CY AQR,AAVSO,STD,,,,
2460887.249295,11.114,0.010,,TG,PEX,,000-BLD-973,000-BCQ-596,X40513CGX,,0,1.204,Z,-12.680,-13.406,,CY AQR,AAVSO,STD,,,,
2460887.249735,11.024,0.010,,TG,PEX,,000-BLD-973,000-BCQ-596,X40513CGX,,0,1.203,Z,-12.680,-13.448,,CY AQR,AAVSO,STD,,,,
2460887.250471,11.032,0.010,,TG,PEX,,000-BLD-973,000-BCQ-596,X40513CGX,,0,1.203,Z,-12.678,-13.412,,CY AQR,AAVSO,STD,,,,
2460887.251526,11.092,0.014,,TG,PEX,,000-BLD-973,000-BCQ-596,X40513CGX,,0,1.202,Z,-12.513,-13.202,,CY AQR,AAVSO,STD,,,,
2460887.252063,11.095,0.013,,TG,PEX,,000-BLD-973,000-BCQ-596,X40513CGX,,0,1.202,Z,-12.613,-13.326,,CY AQR,AAVSO,STD,,,,
2460887.253141,11.071,0.012,,TG,PEX,,000-BLD-973,000-BCQ-596,X40513CGX,,0,1.201,Z,-12.573,-13.383,,CY AQR,AAVSO,STD,,,,
2460887.253637,11.086,0.013,,TG,PEX,,000-BLD-973,000-BCQ-596,X40513CGX,,0,1.201,Z,-12.598,-13.343,,CY AQR,AAVSO,STD,,,,
2460887.255108,11.156,0.014,,TG,PEX,,000-BLD-973,000-BCQ-596,X40513CGX,,0,1.201,Z,-12.495,-13.208,,CY AQR,AAVSO,STD,,,,
2460887.256279,11.088,0.012,,TG,PEX,,000-BLD-973,000-BCQ-596,X40513CGX,,0,1.200,Z,-12.532,-13.258,,CY AQR,AAVSO,STD,,,,
2460887.257374,10.994,0.012,,TG,PEX,,000-BLD-973,000-BCQ-596,X40513CGX,,0,1.200,Z,-12.600,-13.380,,CY AQR,AAVSO,STD,,,,
2460887.259107,11.064,0.012,,TG,PEX,,000-BLD-973,000-BCQ-596,X40513CGX,,0,1.199,Z,-12.625,-13.350,,CY AQR,AAVSO,STD,,,,
2460887.260118,11.126,0.012,,TG,PEX,,000-BLD-973,000-BCQ-596,X40513CGX,,0,1.199,Z,-12.604,-13.359,,CY AQR,AAVSO,STD,,,,
2460887.260844,11.123,0.013,,TG,PEX,,000-BLD-973,000-BCQ-596,X40513CGX,,0,1.199,Z,-12.571,-13.367,,CY AQR,AAVSO,STD,,,,
2460887.261273,11.085,0.019,,TG,PEX,,000-BLD-973,000-BCQ-596,X40513CGX,,0,1.199,Z,-12.310,-13.098,,CY AQR,AAVSO,STD,,,,
2460887.261702,10.991,0.011,,TG,PEX,,000-BLD-973,000-BCQ-596,X40513CGX,,0,1.199,Z,-12.555,-13.358,,CY AQR,AAVSO,STD,,,,
2460887.262382,11.163,0.015,,TG,PEX,,000-BLD-973,000-BCQ-596,X40513CGX,,0,1.199,Z,-12.497,-13.265,,CY AQR,AAVSO,STD,,,,
2460887.263040,11.115,0.011,,TG,PEX,,000-BLD-973,000-BCQ-596,X40513CGX,,0,1.199,Z,-12.662,-13.438,,CY AQR,AAVSO,STD,,,,
2460887.263479,11.041,0.014,,TG,PEX,,000-BLD-973,000-BCQ-596,X40513CGX,,0,1.199,Z,-12.491,-13.280,,CY AQR,AAVSO,STD,,,,
2460887.264159,11.152,0.015,,TG,PEX,,000-BLD-973,000-BCQ-596,X40513CGX,,0,1.199,Z,-12.498,-13.278,,CY AQR,AAVSO,STD,,,,
2460887.264796,11.084,0.012,,TG,PEX,,000-BLD-973,000-BCQ-596,X40513CGX,,0,1.199,Z,-12.584,-13.291,,CY AQR,AAVSO,STD,,,,
2460887.265390,11.061,0.011,,TG,PEX,,000-BLD-973,000-BCQ-596,X40513CGX,,0,1.199,Z,-12.647,-13.388,,CY AQR,AAVSO,STD,,,,
2460887.265984,11.121,0.010,,TG,PEX,,000-BLD-973,000-BCQ-596,X40513CGX,,0,1.199,Z,-12.694,-13.460,,CY AQR,AAVSO,STD,,,,
2460887.266422,11.130,0.011,,TG,PEX,,000-BLD-973,000-BCQ-596,X40513CGX,,0,1.199,Z,-12.677,-13.432,,CY AQR,AAVSO,STD,,,,
2460887.266994,11.065,0.010,,TG,PEX,,000-BLD-973,000-BCQ-596,X40513CGX,,0,1.199,Z,-12.663,-13.443,,CY AQR,AAVSO,STD,,,,
2460887.268312,11.121,0.011,,TG,PEX,,000-BLD-973,000-BCQ-596,X40513CGX,,0,1.199,Z,-12.694,-13.439,,CY AQR,AAVSO,STD,,,,
2460887.268872,11.122,0.011,,TG,PEX,,000-BLD-973,000-BCQ-596,X40513CGX,,0,1.199,Z,-12.709,-13.417,,CY AQR,AAVSO,STD,,,,
2460887.269519,11.077,0.011,,TG,PEX,,000-BLD-973,000-BCQ-596,X40513CGX,,0,1.199,Z,-12.680,-13.448,,CY AQR,AAVSO,STD,,,,
2460887.270374,11.071,0.011,,TG,PEX,,000-BLD-973,000-BCQ-596,X40513CGX,,0,1.200,Z,-12.655,-13.444,,CY AQR,AAVSO,STD,,,,
2460887.270879,11.065,0.010,,TG,PEX,,000-BLD-973,000-BCQ-596,X40513CGX,,0,1.200,Z,-12.712,-13.393,,CY AQR,AAVSO,STD,,,,
2460887.271343,11.058,0.009,,TG,PEX,,000-BLD-973,000-BCQ-596,X40513CGX,,0,1.200,Z,-12.716,-13.417,,CY AQR,AAVSO,STD,,,,
2460887.271773,11.008,0.010,,TG,PEX,,000-BLD-973,000-BCQ-596,X40513CGX,,0,1.200,Z,-12.671,-13.413,,CY AQR,AAVSO,STD,,,,
2460887.272202,11.075,0.011,,TG,PEX,,000-BLD-973,000-BCQ-596,X40513CGX,,0,1.200,Z,-12.698,-13.427,,CY AQR,AAVSO,STD,,,,
2460887.272792,10.932,0.010,,TG,PEX,,000-BLD-973,000-BCQ-596,X40513CGX,,0,1.201,Z,-12.628,-13.283,,CY AQR,AAVSO,STD,,,,
2460887.273849,10.999,0.012,,TG,PEX,,000-BLD-973,000-BCQ-596,X40513CGX,,0,1.201,Z,-12.540,-13.284,,CY AQR,AAVSO,STD,,,,
2460887.274466,10.934,0.012,,TG,PEX,,000-BLD-973,000-BCQ-596,X40513CGX,,0,1.201,Z,-12.520,-13.215,,CY AQR,AAVSO,STD,,,,
2460887.275640,10.844,0.011,,TG,PEX,,000-BLD-973,000-BCQ-596,X40513CGX,,0,1.202,Z,-12.517,-13.276,,CY AQR,AAVSO,STD,,,,
2460887.276809,10.844,0.010,,TG,PEX,,000-BLD-973,000-BCQ-596,X40513CGX,,0,1.203,Z,-12.576,-13.239,,CY AQR,AAVSO,STD,,,,
2460887.277357,10.698,0.010,,TG,PEX,,000-BLD-973,000-BCQ-596,X40513CGX,,0,1.203,Z,-12.500,-13.199,,CY AQR,AAVSO,STD,,,,
2460887.277787,10.621,0.007,,TG,PEX,,000-BLD-973,000-BCQ-596,X40513CGX,,0,1.203,Z,-12.593,-13.306,,CY AQR,AAVSO,STD,,,,
2460887.278217,10.574,0.006,,TG,PEX,,000-BLD-973,000-BCQ-596,X40513CGX,,0,1.204,Z,-12.625,-13.415,,CY AQR,AAVSO,STD,,,,
2460887.278831,10.521,0.006,,TG,PEX,,000-BLD-973,000-BCQ-596,X40513CGX,,0,1.204,Z,-12.681,-13.414,,CY AQR,AAVSO,STD,,,,
2460887.279850,10.438,0.009,,TG,PEX,,000-BLD-973,000-BCQ-596,X40513CGX,,0,1.205,Z,-12.428,-13.142,,CY AQR,AAVSO,STD,,,,
2460887.280410,10.438,0.006,,TG,PEX,,000-BLD-973,000-BCQ-596,X40513CGX,,0,1.205,Z,-12.653,-13.372,,CY AQR,AAVSO,STD,,,,
2460887.280870,10.357,0.009,,TG,PEX,,000-BLD-973,000-BCQ-596,X40513CGX,,0,1.206,Z,-12.376,-13.133,,CY AQR,AAVSO,STD,,,,
2460887.282023,10.460,0.010,,TG,PEX,,000-BLD-973,000-BCQ-596,X40513CGX,,0,1.207,Z,-12.406,-13.042,,CY AQR,AAVSO,STD,,,,
2460887.283073,10.454,0.006,,TG,PEX,,000-BLD-973,000-BCQ-596,X40513CGX,,0,1.208,Z,-12.673,-13.423,,CY AQR,AAVSO,STD,,,,
2460887.283501,10.438,0.006,,TG,PEX,,000-BLD-973,000-BCQ-596,X40513CGX,,0,1.208,Z,-12.668,-13.402,,CY AQR,AAVSO,STD,,,,
2460887.284248,10.408,0.006,,TG,PEX,,000-BLD-973,000-BCQ-596,X40513CGX,,0,1.209,Z,-12.545,-13.369,,CY AQR,AAVSO,STD,,,,
2460887.286411,10.491,0.006,,TG,PEX,,000-BLD-973,000-BCQ-596,X40513CGX,,0,1.211,Z,-12.625,-13.371,,CY AQR,AAVSO,STD,,,,
2460887.287878,10.565,0.007,,TG,PEX,,000-BLD-973,000-BCQ-596,X40513CGX,,0,1.213,Z,-12.653,-13.352,,CY AQR,AAVSO,STD,,,,
2460887.288690,10.640,0.008,,TG,PEX,,000-BLD-973,000-BCQ-596,X40513CGX,,0,1.214,Z,-12.577,-13.262,,CY AQR,AAVSO,STD,,,,
2460887.289876,10.683,0.008,,TG,PEX,,000-BLD-973,000-BCQ-596,X40513CGX,,0,1.215,Z,-12.572,-13.262,,CY AQR,AAVSO,STD,,,,
2460887.290667,10.667,0.008,,TG,PEX,,000-BLD-973,000-BCQ-596,X40513CGX,,0,1.216,Z,-12.604,-13.344,,CY AQR,AAVSO,STD,,,,
2460887.291325,10.706,0.007,,TG,PEX,,000-BLD-973,000-BCQ-596,X40513CGX,,0,1.217,Z,-12.674,-13.422,,CY AQR,AAVSO,STD,,,,
2460887.292645,10.751,0.008,,TG,PEX,,000-BLD-973,000-BCQ-596,X40513CGX,,0,1.219,Z,-12.577,-13.337,,CY AQR,AAVSO,STD,,,,
2460887.293217,10.699,0.007,,TG,PEX,,000-BLD-973,000-BCQ-596,X40513CGX,,0,1.220,Z,-12.611,-13.402,,CY AQR,AAVSO,STD,,,,
2460887.293646,10.808,0.009,,TG,PEX,,000-BLD-973,000-BCQ-596,X40513CGX,,0,1.220,Z,-12.660,-13.331,,CY AQR,AAVSO,STD,,,,
2460887.294074,10.762,0.008,,TG,PEX,,000-BLD-973,000-BCQ-596,X40513CGX,,0,1.221,Z,-12.635,-13.346,,CY AQR,AAVSO,STD,,,,
2460887.295259,10.869,0.009,,TG,PEX,,000-BLD-973,000-BCQ-596,X40513CGX,,0,1.223,Z,-12.693,-13.405,,CY AQR,AAVSO,STD,,,,
2460887.295831,10.872,0.010,,TG,PEX,,000-BLD-973,000-BCQ-596,X40513CGX,,0,1.224,Z,-12.646,-13.338,,CY AQR,AAVSO,STD,,,,
2460887.297013,10.937,0.011,,TG,PEX,,000-BLD-973,000-BCQ-596,X40513CGX,,0,1.226,Z,-12.626,-13.284,,CY AQR,AAVSO,STD,,,,
2460887.299369,10.934,0.010,,TG,PEX,,000-BLD-973,000-BCQ-596,X40513CGX,,0,1.230,Z,-12.597,-13.338,,CY AQR,AAVSO,STD,,,,
2460887.300052,10.915,0.009,,TG,PEX,,000-BLD-973,000-BCQ-596,X40513CGX,,0,1.231,Z,-12.594,-13.345,,CY AQR,AAVSO,STD,,,,
2460887.301039,10.897,0.010,,TG,PEX,,000-BLD-973,000-BCQ-596,X40513CGX,,0,1.233,Z,-12.460,-13.329,,CY AQR,AAVSO,STD,,,,
2460887.301655,11.045,0.012,,TG,PEX,,000-BLD-973,000-BCQ-596,X40513CGX,,0,1.234,Z,-12.585,-13.308,,CY AQR,AAVSO,STD,,,,
2460887.302159,11.006,0.009,,TG,PEX,,000-BLD-973,000-BCQ-596,X40513CGX,,0,1.235,Z,-12.636,-13.329,,CY AQR,AAVSO,STD,,,,
2460887.302707,10.882,0.009,,TG,PEX,,000-BLD-973,000-BCQ-596,X40513CGX,,0,1.236,Z,-12.521,-13.304,,CY AQR,AAVSO,STD,,,,
2460887.303640,10.995,0.009,,TG,PEX,,000-BLD-973,000-BCQ-596,X40513CGX,,0,1.238,Z,-12.653,-13.417,,CY AQR,AAVSO,STD,,,,
2460887.304430,11.017,0.009,,TG,PEX,,000-BLD-973,000-BCQ-596,X40513CGX,,0,1.239,Z,-12.674,-13.440,,CY AQR,AAVSO,STD,,,,
2460887.304860,11.031,0.010,,TG,PEX,,000-BLD-973,000-BCQ-596,X40513CGX,,0,1.240,Z,-12.664,-13.430,,CY AQR,AAVSO,STD,,,,
2460887.305324,10.901,0.009,,TG,PEX,,000-BLD-973,000-BCQ-596,X40513CGX,,0,1.241,Z,-12.635,-13.422,,CY AQR,AAVSO,STD,,,,
2460887.305895,11.058,0.013,,TG,PEX,,000-BLD-973,000-BCQ-596,X40513CGX,,0,1.242,Z,-12.561,-13.222,,CY AQR,AAVSO,STD,,,,
2460887.306500,11.055,0.011,,TG,PEX,,000-BLD-973,000-BCQ-596,X40513CGX,,0,1.244,Z,-12.669,-13.384,,CY AQR,AAVSO,STD,,,,
2460887.307293,11.066,0.010,,TG,PEX,,000-BLD-973,000-BCQ-596,X40513CGX,,0,1.246,Z,-12.674,-13.438,,CY AQR,AAVSO,STD,,,,
2460887.308288,11.090,0.010,,TG,PEX,,000-BLD-973,000-BCQ-596,X40513CGX,,0,1.248,Z,-12.664,-13.373,,CY AQR,AAVSO,STD,,,,
2460887.309056,10.983,0.009,,TG,PEX,,000-BLD-973,000-BCQ-596,X40513CGX,,0,1.250,Z,-12.662,-13.437,,CY AQR,AAVSO,STD,,,,
2460887.309694,11.012,0.010,,TG,PEX,,000-BLD-973,000-BCQ-596,X40513CGX,,0,1.251,Z,-12.709,-13.390,,CY AQR,AAVSO,STD,,,,
2460887.310365,11.045,0.010,,TG,PEX,,000-BLD-973,000-BCQ-596,X40513CGX,,0,1.253,Z,-12.659,-13.389,,CY AQR,AAVSO,STD,,,,
2460887.310795,11.057,0.009,,TG,PEX,,000-BLD-973,000-BCQ-596,X40513CGX,,0,1.254,Z,-12.664,-13.378,,CY AQR,AAVSO,STD,,,,
2460887.311255,11.123,0.013,,TG,PEX,,000-BLD-973,000-BCQ-596,X40513CGX,,0,1.255,Z,-12.669,-13.354,,CY AQR,AAVSO,STD,,,,
2460887.311883,11.066,0.011,,TG,PEX,,000-BLD-973,000-BCQ-596,X40513CGX,,0,1.256,Z,-12.646,-13.354,,CY AQR,AAVSO,STD,,,,
2460887.313461,11.090,0.011,,TG,PEX,,000-BLD-973,000-BCQ-596,X40513CGX,,0,1.260,Z,-12.667,-13.385,,CY AQR,AAVSO,STD,,,,
2460887.313835,11.068,0.012,,TG,PEX,,000-BLD-973,000-BCQ-596,X40513CGX,,0,1.261,Z,-12.756,-13.475,,CY AQR,AAVSO,STD,,,,
2460887.314273,11.035,0.013,,TG,PEX,,000-BLD-973,000-BCQ-596,X40513CGX,,0,1.263,Z,-12.651,-13.398,,CY AQR,AAVSO,STD,,,,
2460887.314537,11.121,0.012,,TG,PEX,,000-BLD-973,000-BCQ-596,X40513CGX,,0,1.263,Z,-12.841,-13.572,,CY AQR,AAVSO,STD,,,,
2460887.314833,11.048,0.012,,TG,PEX,,000-BLD-973,000-BCQ-596,X40513CGX,,0,1.264,Z,-12.693,-13.489,,CY AQR,AAVSO,STD,,,,
2460887.315128,11.073,0.013,,TG,PEX,,000-BLD-973,000-BCQ-596,X40513CGX,,0,1.265,Z,-12.745,-13.520,,CY AQR,AAVSO,STD,,,,
2460887.315393,11.123,0.012,,TG,PEX,,000-BLD-973,000-BCQ-596,X40513CGX,,0,1.266,Z,-12.684,-13.491,,CY AQR,AAVSO,STD,,,,
2460887.315742,11.125,0.011,,TG,PEX,,000-BLD-973,000-BCQ-596,X40513CGX,,0,1.267,Z,-12.733,-13.548,,CY AQR,AAVSO,STD,,,,
2460887.316007,11.060,0.011,,TG,PEX,,000-BLD-973,000-BCQ-596,X40513CGX,,0,1.267,Z,-12.754,-13.559,,CY AQR,AAVSO,STD,,,,
2460887.316838,11.054,0.012,,TG,PEX,,000-BLD-973,000-BCQ-596,X40513CGX,,0,1.270,Z,-12.711,-13.518,,CY AQR,AAVSO,STD,,,,
2460887.317735,11.216,0.014,,TG,PEX,,000-BLD-973,000-BCQ-596,X40513CGX,,0,1.272,Z,-12.780,-13.578,,CY AQR,AAVSO,STD,,,,
2460887.318332,11.129,0.013,,TG,PEX,,000-BLD-973,000-BCQ-596,X40513CGX,,0,1.274,Z,-12.760,-13.447,,CY AQR,AAVSO,STD,,,,
2460887.318857,11.105,0.013,,TG,PEX,,000-BLD-973,000-BCQ-596,X40513CGX,,0,1.275,Z,-12.778,-13.545,,CY AQR,AAVSO,STD,,,,
2460887.319275,11.136,0.012,,TG,PEX,,000-BLD-973,000-BCQ-596,X40513CGX,,0,1.277,Z,-12.822,-13.551,,CY AQR,AAVSO,STD,,,,
2460887.319826,11.061,0.011,,TG,PEX,,000-BLD-973,000-BCQ-596,X40513CGX,,0,1.278,Z,-12.776,-13.558,,CY AQR,AAVSO,STD,,,,
2460887.320373,11.180,0.013,,TG,PEX,,000-BLD-973,000-BCQ-596,X40513CGX,,0,1.280,Z,-12.843,-13.520,,CY AQR,AAVSO,STD,,,,
2460887.320790,11.095,0.012,,TG,PEX,,000-BLD-973,000-BCQ-596,X40513CGX,,0,1.281,Z,-12.725,-13.495,,CY AQR,AAVSO,STD,,,,
2460887.321141,11.087,0.013,,TG,PEX,,000-BLD-973,000-BCQ-596,X40513CGX,,0,1.282,Z,-12.661,-13.464,,CY AQR,AAVSO,STD,,,,
2460887.321405,11.066,0.014,,TG,PEX,,000-BLD-973,000-BCQ-596,X40513CGX,,0,1.283,Z,-12.665,-13.471,,CY AQR,AAVSO,STD,,,,
2460887.321755,11.213,0.013,,TG,PEX,,000-BLD-973,000-BCQ-596,X40513CGX,,0,1.284,Z,-12.815,-13.512,,CY AQR,AAVSO,STD,,,,
2460887.322174,11.120,0.012,,TG,PEX,,000-BLD-973,000-BCQ-596,X40513CGX,,0,1.286,Z,-12.739,-13.530,,CY AQR,AAVSO,STD,,,,
2460887.322592,11.142,0.012,,TG,PEX,,000-BLD-973,000-BCQ-596,X40513CGX,,0,1.287,Z,-12.801,-13.536,,CY AQR,AAVSO,STD,,,,
2460887.322856,11.083,0.012,,TG,PEX,,000-BLD-973,000-BCQ-596,X40513CGX,,0,1.288,Z,-12.790,-13.556,,CY AQR,AAVSO,STD,,,,
2460887.323185,11.095,0.012,,TG,PEX,,000-BLD-973,000-BCQ-596,X40513CGX,,0,1.289,Z,-12.739,-13.493,,CY AQR,AAVSO,STD,,,,
2460887.323516,11.220,0.013,,TG,PEX,,000-BLD-973,000-BCQ-596,X40513CGX,,0,1.290,Z,-12.860,-13.578,,CY AQR,AAVSO,STD,,,,
2460887.324461,11.149,0.011,,TG,PEX,,000-BLD-973,000-BCQ-596,X40513CGX,,0,1.293,Z,-12.790,-13.598,,CY AQR,AAVSO,STD,,,,
2460887.324788,11.209,0.012,,TG,PEX,,000-BLD-973,000-BCQ-596,X40513CGX,,0,1.294,Z,-12.795,-13.554,,CY AQR,AAVSO,STD,,,,
2460887.325052,11.092,0.014,,TG,PEX,,000-BLD-973,000-BCQ-596,X40513CGX,,0,1.295,Z,-12.720,-13.533,,CY AQR,AAVSO,STD,,,,
2460887.325359,11.121,0.012,,TG,PEX,,000-BLD-973,000-BCQ-596,X40513CGX,,0,1.296,Z,-12.757,-13.587,,CY AQR,AAVSO,STD,,,,
2460887.326839,11.068,0.016,,TG,PEX,,000-BLD-973,000-BCQ-596,X40513CGX,,0,1.301,Z,-12.649,-13.382,,CY AQR,AAVSO,STD,,,,
2460887.327297,11.110,0.014,,TG,PEX,,000-BLD-973,000-BCQ-596,X40513CGX,,0,1.303,Z,-12.682,-13.413,,CY AQR,AAVSO,STD,,,,
2460887.328064,10.983,0.011,,TG,PEX,,000-BLD-973,000-BCQ-596,X40513CGX,,0,1.305,Z,-12.732,-13.497,,CY AQR,AAVSO,STD,,,,
2460887.328394,11.063,0.013,,TG,PEX,,000-BLD-973,000-BCQ-596,X40513CGX,,0,1.307,Z,-12.706,-13.511,,CY AQR,AAVSO,STD,,,,
2460887.328810,11.097,0.014,,TG,PEX,,000-BLD-973,000-BCQ-596,X40513CGX,,0,1.308,Z,-12.638,-13.468,,CY AQR,AAVSO,STD,,,,
2460887.329438,11.117,0.012,,TG,PEX,,000-BLD-973,000-BCQ-596,X40513CGX,,0,1.310,Z,-12.808,-13.515,,CY AQR,AAVSO,STD,,,,
2460887.329736,11.124,0.013,,TG,PEX,,000-BLD-973,000-BCQ-596,X40513CGX,,0,1.311,Z,-12.712,-13.546,,CY AQR,AAVSO,STD,,,,
2460887.330000,11.062,0.012,,TG,PEX,,000-BLD-973,000-BCQ-596,X40513CGX,,0,1.312,Z,-12.718,-13.493,,CY AQR,AAVSO,STD,,,,
2460887.330482,11.078,0.011,,TG,PEX,,000-BLD-973,000-BCQ-596,X40513CGX,,0,1.314,Z,-12.783,-13.539,,CY AQR,AAVSO,STD,,,,
2460887.330912,11.113,0.011,,TG,PEX,,000-BLD-973,000-BCQ-596,X40513CGX,,0,1.316,Z,-12.777,-13.551,,CY AQR,AAVSO,STD,,,,
2460887.331209,11.037,0.011,,TG,PEX,,000-BLD-973,000-BCQ-596,X40513CGX,,0,1.317,Z,-12.790,-13.563,,CY AQR,AAVSO,STD,,,,
2460887.331472,11.061,0.011,,TG,PEX,,000-BLD-973,000-BCQ-596,X40513CGX,,0,1.318,Z,-12.758,-13.509,,CY AQR,AAVSO,STD,,,,
2460887.332176,11.079,0.014,,TG,PEX,,000-BLD-973,000-BCQ-596,X40513CGX,,0,1.321,Z,-12.726,-13.478,,CY AQR,AAVSO,STD,,,,
2460887.333022,11.062,0.011,,TG,PEX,,000-BLD-973,000-BCQ-596,X40513CGX,,0,1.324,Z,-12.769,-13.527,,CY AQR,AAVSO,STD,,,,
2460887.334985,11.043,0.013,,TG,PEX,,000-BLD-973,000-BCQ-596,X40513CGX,,0,1.332,Z,-12.776,-13.514,,CY AQR,AAVSO,STD,,,,
2460887.335282,10.963,0.011,,TG,PEX,,000-BLD-973,000-BCQ-596,X40513CGX,,0,1.333,Z,-12.720,-13.419,,CY AQR,AAVSO,STD,,,,
2460887.335546,10.875,0.011,,TG,PEX,,000-BLD-973,000-BCQ-596,X40513CGX,,0,1.334,Z,-12.713,-13.534,,CY AQR,AAVSO,STD,,,,
2460887.336172,10.966,0.011,,TG,PEX,,000-BLD-973,000-BCQ-596,X40513CGX,,0,1.337,Z,-12.789,-13.546,,CY AQR,AAVSO,STD,,,,
2460887.336733,10.940,0.010,,TG,PEX,,000-BLD-973,000-BCQ-596,X40513CGX,,0,1.339,Z,-12.788,-13.522,,CY AQR,AAVSO,STD,,,,
2460887.336997,10.852,0.011,,TG,PEX,,000-BLD-973,000-BCQ-596,X40513CGX,,0,1.340,Z,-12.774,-13.521,,CY AQR,AAVSO,STD,,,,
2460887.337623,10.776,0.010,,TG,PEX,,000-BLD-973,000-BCQ-596,X40513CGX,,0,1.343,Z,-12.778,-13.543,,CY AQR,AAVSO,STD,,,,
2460887.338734,10.644,0.008,,TG,PEX,,000-BLD-973,000-BCQ-596,X40513CGX,,0,1.348,Z,-12.802,-13.572,,CY AQR,AAVSO,STD,,,,
2460887.339437,10.650,0.008,,TG,PEX,,000-BLD-973,000-BCQ-596,X40513CGX,,0,1.351,Z,-12.731,-13.455,,CY AQR,AAVSO,STD,,,,
2460887.339855,10.527,0.010,,TG,PEX,,000-BLD-973,000-BCQ-596,X40513CGX,,0,1.353,Z,-12.572,-13.373,,CY AQR,AAVSO,STD,,,,
2460887.340119,10.467,0.010,,TG,PEX,,000-BLD-973,000-BCQ-596,X40513CGX,,0,1.354,Z,-12.498,-13.195,,CY AQR,AAVSO,STD,,,,
2460887.340448,10.562,0.012,,TG,PEX,,000-BLD-973,000-BCQ-596,X40513CGX,,0,1.355,Z,-12.489,-13.279,,CY AQR,AAVSO,STD,,,,
2460887.340712,10.435,0.008,,TG,PEX,,000-BLD-973,000-BCQ-596,X40513CGX,,0,1.357,Z,-12.552,-13.322,,CY AQR,AAVSO,STD,,,,
2460887.341153,10.498,0.008,,TG,PEX,,000-BLD-973,000-BCQ-596,X40513CGX,,0,1.359,Z,-12.672,-13.446,,CY AQR,AAVSO,STD,,,,
2460887.341690,10.476,0.008,,TG,PEX,,000-BLD-973,000-BCQ-596,X40513CGX,,0,1.361,Z,-12.686,-13.426,,CY AQR,AAVSO,STD,,,,
2460887.342184,10.510,0.006,,TG,PEX,,000-BLD-973,000-BCQ-596,X40513CGX,,0,1.363,Z,-12.835,-13.475,,CY AQR,AAVSO,STD,,,,
2460887.342448,10.426,0.007,,TG,PEX,,000-BLD-973,000-BCQ-596,X40513CGX,,0,1.365,Z,-12.764,-13.470,,CY AQR,AAVSO,STD,,,,
2460887.343150,10.468,0.007,,TG,PEX,,000-BLD-973,000-BCQ-596,X40513CGX,,0,1.368,Z,-12.758,-13.538,,CY AQR,AAVSO,STD,,,,
2460887.343634,10.656,0.006,,TG,PEX,,000-BLD-973,000-BCQ-596,X40513CGX,,0,1.370,Z,-13.028,-13.537,,CY AQR,AAVSO,STD,,,,
